:020000040810E2
:1000000000000C206D8B1008BD8B1008BD8B1008F4
:1000100091871008BD8B100899871008BD8B1008B8
:10002000000000000000000000000000CDBB100830
:10003000BD8B1008000000006DBB100805B810084B
:10004000BD8B1008BD8B1008BD8B1008BD8B100830
:10005000BD8B1008BD8B1008BD8B1008BD8B100820
:10006000BD8B1008BD8B1008BD8B1008BD8B100810
:10007000BD8B1008BD8B1008BD8B1008BD8B100800
:10008000BD8B1008BD8B1008BD8B1008BD8B1008F0
:10009000BD8B1008BD8B1008BD8B1008BD8B1008E0
:1000A000BD8B1008BD8B1008BD8B1008BD8B1008D0
:1000B00000000000A1871008BD871008BD8B100844
:1000C000BD8B1008BD8B1008BD8B1008BD8B1008B0
:1000D000BD8B1008BD8B1008BD8B1008BD8B1008A0
:1000E000BD8B1008BD8B1008BD8B1008BD8B100890
:1000F000BD8B1008BD8B1008BD8B1008BD8B100880
:10010000BD8B1008BD8B1008BD8B1008BD8B10086F
:10011000BD8B1008BD8B1008BD8B1008BD8B10085F
:10012000BD8B1008BD8B1008BD8B1008BD8B10084F
:10013000BD8B1008BD8B1008BD8B1008BD8B10083F
:10014000BD8B1008BD8B1008D9871008BD8B100817
:10015000BD8B1008BD8B1008BD8B1008BD8B10081F
:10016000BD8B1008BD8B1008BD8B1008BD8B10080F
:10017000BD8B1008BD8B1008BD8B1008BD8B1008FF
:10018000BD8B1008BD8B1008BD8B1008BD8B1008EF
:10019000BD8B1008BD8B1008BD8B1008BD8B1008DF
:1001A000BD8B1008BD8B1008BD8B1008BD8B1008CF
:1001B000BD8B100800000000BD8B1008BD8B10081F
:1001C000BD8B100800000000BD8B1008BD8B10080F
:1001D000BD8B1008BD8B1008BD8B1008BD8B10089F
:1001E000BD8B1008BD8B1008BD8B1008BD8B10088F
:1001F0000000000000000000BD8B1008BD8B10083F
:10020000BD8B1008BD8B1008BD8B1008BD8B10086E
:10021000BD8B1008BD8B1008BD8B1008BD8B10085E
:10022000BD8B1008BD8B1008BD8B1008BD8B10084E
:08023000BD8B1008BD8B100806
:1002380010B5054C237833B9044B13B10448AFF318
:1002480000800123237010BD60020420000000001C
:100258003823110808B5034B1BB103490348AFF312
:10026800008008BD00000000640204203823110843
:1002780080F0004002E000BF81F0004142001FBF53
:100288005FEA410392EA030F7FEA226C7FEA236C5C
:100298006AD04FEA1262D2EB1363C1BFD218414051
:1002A80048404140B8BF5B42192B88BF704710F0E7
:1002B800004F40F4000020F07F4018BF404211F08A
:1002C800004F41F4000121F07F4118BF494292EAF2
:1002D800030F3FD0A2F1010241FA03FC10EB0C001E
:1002E800C3F1200301FA03F100F0004302D54942AB
:1002F80060EB4000B0F5000F13D3B0F1807F06D358
:1003080040084FEA310102F10102FE2A51D2B1F14F
:10031800004F40EBC25008BF20F0010040EA030044
:100328007047490040EB0000013A28BFB0F5000FC4
:10033800EDD2B0FA80FCACF1080CB2EB0C0200FA7A
:100348000CF0AABF00EBC25052421843BCBFD040C9
:100358001843704792F0000F81F4000106BF80F443
:1003680000000132013BB5E74FEA41037FEA226C06
:1003780018BF7FEA236C21D092EA030F04D092F0D1
:10038800000F08BF0846704790EA010F1CBF002005
:10039800704712F07F4F04D1400028BF40F0004062
:1003A800704712F100723CBF00F50000704700F082
:1003B800004343F0FE4040F4000070477FEA2262A9
:1003C80016BF08467FEA23630146420206BF5FEA7A
:1003D800412390EA010F40F4800070474FF000037A
:1003E80004E000BF10F0004348BF40425FEA000C41
:1003F80008BF704743F0964301464FF000001CE0E9
:1004080050EA010208BF70474FF000030AE000BF3E
:1004180050EA010208BF704711F0004302D540427C
:1004280061EB41015FEA010C02BF844601460020EE
:1004380043F0B64308BFA3F18053A3F50003BCFA09
:100448008CF2083AA3EBC25310DB01FA02FC6344B6
:1004580000FA02FCC2F12002BCF1004F20FA02F2BD
:1004680043EB020008BF20F00100704702F12002B0
:1004780001FA02FCC2F1200250EA4C0021FA02F211
:1004880043EB020008BF20EADC70704753B94AB951
:10049800002908BF00281CBF4FF0FF314FF0FF3084
:1004A80000F0B2B9ADF1080C6DE904CE00F006F821
:1004B800DDF804E0DDE9022304B070472DE9F04FD0
:1004C8008C46099E04460F46002B48D18A421546A1
:1004D8005ED9B2FA82F33BB1C3F120029F409D403E
:1004E8009C4020FA02F217434FEA154E1FFA85FC8A
:1004F800220CB7FBFEF10EFB117701FB0CF042EA70
:100508000742904207D9AA1801F1FF3702D2904258
:1005180000F258813946121AA4B2B2FBFEF00EFB63
:10052800102200FB0CFC44EA0244A4450BD92C1908
:1005380000F1FF322CBF01270027A44502D9002F64
:1005480000F04381104640EA0140A4EB0C0400216E
:100558001EB1DC400023C6E90043BDE8F08F8B42A2
:1005680006D90EB1C6E9000100210846BDE8F08FA2
:10057800B3FA83F1002951D16345C0F01681824254
:1005880040F213810846002EE7D0C6E90047E4E7A9
:10059800002A00F0AF80B2FA82F3002B40F0C2804C
:1005A8008A1A4FEA154EAFB20121200CB2FBFEFCAD
:1005B8000EFB1C2240EA024207FB0CF090420ED9C7
:1005C800AA180CF1FF382CBF4FF001094FF00009B1
:1005D800904203D9B9F1000F00F0F080C446121A16
:1005E800A4B2B2FBFEF00EFB102200FB07F744EAB0
:1005F8000244A7420ED92C1900F1FF322CBF4FF04C
:10060800010E4FF0000EA74203D9BEF1000F00F013
:10061800D2801046E41B40EA0C4099E7C1F120055E
:100628008B400CFA01F400FA01F922FA05F72CFACA
:1006380005FC8A401F4320FA05F3380C23431FFAB0
:1006480087FE1C0CBCFBF0F800FB18CC44EA0C44F9
:1006580008FB0EFCA4450ED93C1908F1FF3A2CBF43
:100668004FF0010B4FF0000BA44503D9BBF1000F6D
:1006780000F0B880D046A4EB0C041FFA83FCB4FB4E
:10068800F0F300FB134403FB0EFE4CEA0444A645BA
:100698000ED93C1903F1FF302CBF4FF0010C4FF07D
:1006A800000CA64503D9BCF1000F00F09F8003465B
:1006B80043EA0840A4EB0E04A0FB02EC6445734631
:1006C800E04602D307D1F14505D2BEEB02036CEB3D
:1006D800070C0138E0465EB1B9EB030264EB08048D
:1006E80004FA05F522FA01F3CC401D43C6E900548B
:1006F800002132E742082F464B08AC4642EAC17255
:10070800AE46C407110C92B241EA034142EA0142E3
:10071800B1FBF5F1B3FBF5F01F23A2EB0C0241EAA4
:10072800004142E79D40C3F1200299409C402CFAC9
:1007380002FC4FEA154E20FA02F2AFB2BCFBFEF8FB
:100748000A430EFB18CC110C41EA0C4108FB07FCCC
:100758008C4550D9691808F1FF302CBF4FF00109BA
:100768004FF000098C4502D9B9F1000F30D0A1EB48
:100778000C01B1FBFEF808FB07FC0EFB181192B246
:1007880042EA0142624534D2AA1808F1FF312CBF6F
:100798004FF001094FF000096245BED2B9F1000FD0
:1007A800BBD1A8F102012A44B7E7841A6CEB030213
:1007B80001201746E7E62C4402382BE7ACF1020C7F
:1007C8002A440CE702392A44A5E62C440238BAE642
:1007D800A5EB0C0CA8F102006144B1FBFEF808FB84
:1007E80007FCCAE7A8F102083C4444E7023B3C4442
:1007F8005EE7414691E7A1EB0C014046B1FBFEF8EC
:1008080008FB07FCB9E700BF704700BF034613F8B1
:10081800012B002AFBD1181A0138704780B400AFA9
:1008280000BFBD465DF8047B7047000080B485B00A
:1008380000AF78607B6803F00703FB600C4BDB6854
:10084800BB60BA684FF6FF031340BB60FB681A022F
:10085800BB68134343F0BF6343F40033BB60044AEF
:10086800BB68D36000BF1437BD465DF8047B704792
:1008780000ED00E080B400AF044BDB681B0A03F016
:1008880007031846BD465DF8047B704700ED00E09D
:1008980080B483B000AF0346FB7197F90730002B93
:1008A8000BDBFB7903F01F02074997F907305B0957
:1008B800012000FA02F241F8232000BF0C37BD46A0
:1008C8005DF8047B704700BF00E100E080B483B0AE
:1008D80000AF03463960FB7197F90730002B0ADB3C
:1008E8003B68DAB20C4997F907301201D2B20B44CF
:1008F80083F800230AE03B68DAB20849FB7903F081
:100908000F03043B1201D2B20B441A7600BF0C3716
:10091800BD465DF8047B704700E100E000ED00E0B3
:1009280080B489B000AFF860B9607A60FB6803F002
:100938000703FB61FB69C3F10703042B28BF0423EA
:10094800BB61FB690433062B02D9FB69033B00E05A
:1009580000237B614FF0FF32BB6902FA03F3DA43ED
:10096800BB681A407B699A404FF0FF317B6901FAF6
:1009780003F3D9437B680B40134318462437BD461D
:100988005DF8047B704780B582B000AF7860786806
:10099800FFF74CFF00BF0837BD4680BD80B586B065
:1009A80000AF0346B9607A60FB73FFF763FF7861B5
:1009B8007A68B9687869FFF7B3FF024697F90F308C
:1009C80011461846FFF782FF00BF1837BD4680BDA5
:1009D80080B582B000AF0346FB7197F9073018461F
:1009E800FFF756FF00BF0837BD4680BD80B483B00F
:1009F80000AF78607B68013BB3F1807F01D30123AE
:100A08000DE00A4A7B68013B5360084B00229A605C
:100A1800064B1B68054A43F003031360002318467E
:100A28000C37BD465DF8047B704700BF10E000E05E
:100A380080B483B000AF78607B68042B44D801A2EF
:100A480052F823F06F0A10088D0A1008AF0A100830
:100A5800D10A1008610A10081F4B1B681E4A43F090
:100A68000403136031E01C4B1B681B4A23F004038A
:100A780013601A4BD3F8E030184A23F44003C2F845
:100A8800E03022E0144B1B68134A23F00403136080
:100A9800124BD3F8E03023F44003104A43F48003A8
:100AA800C2F8E03011E00C4B1B680B4A23F004033A
:100AB80013600A4BD3F8E03023F44003074A43F4A9
:100AC8000003C2F8E03000E000BF00BF0C37BD46AD
:100AD8005DF8047B704700BF10E000E0000C0246A0
:100AE80080B483B000AF194B1B6803F00403002BDC
:100AF80002D004237B6021E0154BD3F8E03003F4E7
:100B080040033B603B68B3F5000F11D03B68B3F579
:100B1800000F10D83B68002B04D03B68B3F5800F5A
:100B280003D008E000237B6008E001237B6005E038
:100B380002237B6002E000237B6000BF7B681846CD
:100B48000C37BD465DF8047B704700BF10E000E03D
:100B5800000C024680B584B000AF786000F0C6FF94
:100B6800F8607B68002B01D10123F0E07B681B68EB
:100B7800794A934200F09F807B681B68774A9342CA
:100B880000F099807B681B68754A934200F0938057
:100B98007B681B68734A934200F08D807B681B68F2
:100BA800714A934200F087807B681B686F4A9342C2
:100BB80000F081807B681B686D4A93427BD07B681C
:100BC8001B686C4A934276D07B681B686A4A9342DA
:100BD80071D07B681B68694A93426CD07B681B683C
:100BE800674A934267D07B681B68664A934262D023
:100BF8007B681B68644A93425DD07B681B68634AC4
:100C0800934258D07B681B68614A934253D07B68F3
:100C18001B68604A93424ED07B681B685E4A9342C9
:100C280049D07B681B685D4A934244D07B681B6847
:100C38005B4A93423FD07B681B685A4A93423AD03A
:100C48007B681B68584A934235D07B681B68574AB3
:100C5800934230D07B681B68554A93422BD07B68FF
:100C68001B68544A934226D07B681B68524A9342B9
:100C780021D07B681B68514A93421CD07B681B6853
:100C88004F4A934217D07B681B684E4A934212D052
:100C98007B681B684C4A93420DD07B681B684B4AA3
:100CA800934208D07B681B68494A934203D07B680B
:100CB8001B68484A93427B68002283F84C207B6873
:100CC80093F85430DBB2002B0ED17B6800221A66F1
:100CD8007B6800225A667B6800229A667B6800223D
:100CE800DA667B6800221A677B68022283F8542040
:100CF8007B681B685A697B681B6842F006025A6168
:100D08000FE000F0F3FE0246FB68D31A052B08D962
:100D18007B6810229A657B68032283F8542001239C
:100D280015E07B681B685B6903F00103002BE8D1C1
:100D3800786800F0DDFA7B685A6B7B681A657B6817
:100D480000229A657B68012283F854200023184604
:100D58001037BD4680BD00BF500002405000025011
:100D6800D0000240D0000250500102405001025011
:100D7800D0010240D00102505002024050020250FD
:100D8800D0020240D00202505003024050030250E9
:100D9800D0030240D00302505004024050040250D5
:100DA800D0040240D00402505005024050050250C1
:100DB800D0050240D00502505006024050060250AD
:100DC800D0060240D0060250500702405007025099
:100DD800D0070240D007025080B584B000AFF86059
:100DE800B9607A603B60FB68002B01D101234FE0BA
:100DF800FB6893F84C30012B01D1022348E0FB68D3
:100E0800012283F84C20FB6893F85430DBB2012BA5
:100E180036D1FB68022283F85420FB6800229A65C9
:100E28003B687A68B968F86800F03CFAFB681B68A8
:100E38005A69FB681B6842F4BA425A61FB685B6EE8
:100E4800002B07D0FB681B685A69FB681B6842F4D3
:100E580000725A61FB681B6F002B07D0FB681B6888
:100E68005A69FB681B6842F400525A61FB681B68A8
:100E78005A69FB681B6842F001025A61002307E0C7
:100E8800FB6840229A65FB68002283F84C20012306
:100E980018461037BD4680BD80B584B000AF786075
:100EA80000F024FEF8607B68002B01D101236BE081
:100EB8007B6893F85430DBB2022B08D07B68202281
:100EC8009A657B68002283F84C2001235CE07B68EC
:100ED8001B685A697B681B6842F004025A617B6888
:100EE800052283F8542020E000F000FE0246FB684B
:100EF800D31A052B19D97B689B6D43F010027B68C8
:100F08009A657B68032283F854207B681B6D03F085
:100F18008003002B03D07B685B6F01221A737B6808
:100F2800002283F84C2001232EE07B681B681B6994
:100F380003F40053002BD7D07B681B685A697B6881
:100F48001B6842F002025A617B68042283F854202D
:100F58007B681B684FF4FE42DA607B68012283F8E5
:100F680054207B681B6D03F08003002B07D07B683F
:100F78005B6F01221A737B681B6800229A647B6886
:100F8800002283F84C20002318461037BD4680BD48
:100F980080B483B000AF78607B68002B01D1012357
:100FA80019E07B6893F85430DBB2022B04D07B68DD
:100FB80020229A6501230EE07B68042283F85420DE
:100FC8007B681B685B697A68126843F4005343F0D6
:100FD80004035361002318460C37BD465DF8047BB3
:100FE800704780B586B000AF78607B681B6823F4D3
:100FF8007F6323F00F037B617B681B68C3F30B03DC
:10100800503BDB0903F01F03012202FA03F33B61A3
:101018007B69DB683A691340FB60FB68002B00F0D2
:101028003B817B681B681B6903F48063002B11D02C
:101038007B681B685B6903F48063002B0AD07B68BC
:101048001B684FF48062DA607B689B6D43F0010295
:101058007B689A657B681B681B6903F40063002B37
:1010680011D07B681B685B6903F40063002B0AD00E
:101078007B681B684FF40062DA607B689B6D43F005
:1010880002027B689A657B681B681B6903F48053BE
:10109800002B11D07B681B685B6903F48053002B1D
:1010A8000AD07B681B684FF48052DA607B689B6DBE
:1010B80043F004027B689A657B681B681B6903F42C
:1010C8008043002B11D07B681B685B6903F4804365
:1010D800002B0AD07B681B684FF48042DA607B687B
:1010E8009B6D43F008027B689A657B681B681B69E7
:1010F80003F40073002B13D07B681B685B6903F44F
:101108000073002B0CD07B681B684FF40072DA6008
:101118007B685B6E002B03D07B685B6E78689847B2
:101128007B681B681B6903F40053002B4CD07B6859
:101138001B685B6903F40053002B45D07B681B6870
:101148004FF40052DA607B6893F85430DBB2042B1A
:101158002ED17B681B685A697B681B6822F4005291
:101168005A617B681B685A697B681B6842F00202F7
:101178005A617B68012283F854207B681B6D03F059
:101188008003002B07D07B685B6F01221A737B6892
:101198001B6800229A647B68002283F84C207B68D5
:1011A800DB6E002B7AD07B68DB6E7868984775E039
:1011B8007B68052283F854207B681B6F002B03D0C3
:1011C8007B681B6F786898477B681B681B6903F40A
:1011D8008073002B39D07B681B685B6903F48073CC
:1011E800002B32D07B681B6D03F08003002B12D0DC
:1011F8007B681B68DB6F002B16D17B681B689B6CB8
:10120800002B11D17B68012283F854207B685B6F27
:1012180001221A7308E07B681B689B6C002B03D1C2
:101228007B68012283F854207B681B684FF4407266
:10123800DA607B68002283F84C207B681B6E002BE9
:1012480003D07B681B6E786898477B689B6D002B82
:1012580025D07B681B685A697B681B6842F00202CC
:101268005A617B68012283F854207B681B6D03F068
:101278008003002B03D07B685B6F01221A737B68A5
:10128800002283F84C207B689B6E002B07D07B687C
:101298009B6E7868984702E000BF00E000BF1837EF
:1012A800BD4680BD80B485B000AFF860B9607A6093
:1012B8003B60FB681B689B6C1B0C1B043A6891B273
:1012C800FA6812680B439364FB681B684FF4FE428C
:1012D800DA60FB681B68BA68DA64FB681B687A68BE
:1012E8001A6500BF1437BD465DF8047B70470000DF
:1012F80080B485B000AF78607B681B6AFB607B6850
:101308001B685B6923F443017B681B68FA680A431E
:101318005A617B685A697B68DB691A437B681B6979
:101328001A437B689B691343FB607B681B68534ABD
:10133800934200F0A0807B681B68514A934200F0FA
:101348009A807B681B684F4A934200F094807B68C0
:101358001B684D4A934200F08E807B681B684B4A9D
:10136800934200F088807B681B68494A934200F0EA
:1013780082807B681B68474A93427CD07B681B68E5
:10138800454A934277D07B681B68444A934272D09F
:101398007B681B68424A93426DD07B681B68414A50
:1013A800934268D07B681B683F4A934263D07B684E
:1013B8001B683E4A93425ED07B681B683C4A934256
:1013C80059D07B681B683B4A934254D07B681B68A2
:1013D800394A93424FD07B681B68384A93424AD0B7
:1013E8007B681B68364A934245D07B681B68354A40
:1013F800934240D07B681B68334A93423BD07B685A
:101408001B68324A934236D07B681B68304A934245
:1014180031D07B681B682F4A93422CD07B681B68AD
:101428002D4A934227D07B681B682C4A934222D0CE
:101438007B681B682A4A93421DD07B681B68294A2F
:10144800934218D07B681B68274A934213D07B6865
:101458001B68264A93420ED07B681B68244A934235
:1014680009D07B681B68234A934204D07B681B68B9
:10147800214A934242D1012341E000BF500002407B
:1014880050000250D0000240D000025050010240EB
:1014980050010250D0010240D001025050020240D7
:1014A80050020250D0020240D002025050030240C3
:1014B80050030250D0030240D003025050040240AF
:1014C80050040250D0040240D0040250500502409B
:1014D80050050250D0050240D00502505006024087
:1014E80050060250D0060240D00602505007024073
:1014F80050070250D0070240D00702500023002BAB
:1015080012D07B68DA6A7B689B6A013B1B0503F093
:101518007C731A437B685B6A013B1B0103F47C7391
:101528001343FA681343FB607B681B681B6C03F06A
:1015380080217B681B68FA680A431A647B689A688A
:101548007B685B6803F07F031A437B681B6B13435C
:10155800FB607B68DB68B3F5806F40F0B0807B6828
:101568001B68824A934200F0A0807B681B68804A0F
:10157800934200F09A807B681B687E4A934200F091
:1015880094807B681B687C4A934200F08E807B685D
:101598001B687A4A934200F088807B681B68784A07
:1015A800934200F082807B681B68764A93427CD025
:1015B8007B681B68744A934277D07B681B68734AC0
:1015C800934272D07B681B68714A93426DD07B68E6
:1015D8001B68704A934268D07B681B686E4A9342C6
:1015E80063D07B681B686D4A93425ED07B681B683A
:1015F8006B4A934259D07B681B686A4A934254D01D
:101608007B681B68684A93424FD07B681B68674AAF
:1016180093424AD07B681B68654A934245D07B68F1
:101628001B68644A934240D07B681B68624A9342B5
:101638003BD07B681B68614A934236D07B681B6845
:101648005F4A934231D07B681B685E4A93422CD034
:101658007B681B685C4A934227D07B681B685B4A9F
:10166800934222D07B681B68594A93421DD07B68FD
:101678001B68584A934218D07B681B68564A9342A5
:1016880013D07B681B68554A93420ED07B681B6851
:10169800534A934209D07B681B68524A934204D04C
:1016A8007B681B68504A934201D1012300E0002364
:1016B800002B0DD0FB6843F48063FB6008E07B6877
:1016C800DB68B3F5007F03D1FB6843F40073FB606C
:1016D8007B681B685A6C454B13407A681268F96836
:1016E8000B4353647B681B6800229A647B681B6801
:1016F800364A934222D07B681B68354A93421DD0F4
:101708007B681B68334A934218D07B681B68324A4F
:10171800934213D07B681B68304A93420ED07B6893
:101728001B682F4A934209D07B681B682D4A934255
:1017380004D07B681B682C4A934201D1012300E046
:101748000023002B07D07B681B6800225A657B6842
:101758001B6800229A657B681B680022DA6700BF55
:101768001437BD465DF8047B704700BF5000024047
:1017780050000250D0000240D000025050010240F8
:1017880050010250D0010240D001025050020240E4
:1017980050020250D0020240D002025050030240D0
:1017A80050030250D0030240D003025050040240BC
:1017B80050040250D0040240D004025050050240A8
:1017C80050050250D0050240D00502505006024094
:1017D80050060250D0060240D00602505007024080
:1017E80050070250D0070240D00702508031C03C59
:1017F80080B586B000AF78607B68002B03D07B682B
:101808005B6F002B01D1012382E07B6893F8543091
:10181800FB757B681B685B6903F480333B61FB7D68
:10182800012B05D0FB7D022B6AD13B69002B67D0C9
:101838007B6893F85430DBB2012B57D17B6893F85F
:101848004C30012B01D1022362E07B68012283F82E
:101858004C207B68022283F854207B685B6F02224D
:101868001A737B6800229A657B685B6F00221A6195
:101878007B681B685A697B681B6842F4BA425A61E4
:101888007B685B6E002B07D07B681B685A697B6896
:101898001B6842F400725A617B681B6F002B07D0EB
:1018A8007B681B685A697B681B6842F400525A615E
:1018B8007B685B6F1B6807F10C010022184600F07B
:1018C8002BF87B685B6F1B6819467B681A680B0CE2
:1018D8001B0413607B685B6F1B681A464FF6FC732A
:1018E8001340F9687A6812680B43D3677B681B68F2
:1018F8005A697B681B6842F001025A61002307E0BD
:101908007B6840229A657B68002283F84C2001237B
:1019180018461837BD4680BD80B485B000AFF86062
:10192800B9607A60FB681B6A03F00203002B0CD0D5
:10193800BB68002B02D0BB680D4A1A607B68002B7D
:101948000FD07B6807221A600BE0BB68002B02D01F
:10195800BB68084A1A607B68002B02D07B680522A6
:101968001A6000BF1437BD465DF8047B704700BF9E
:10197800000001FE000001F880B500AF124B1B68A3
:10198800114A43F4807313600320FEF7FCFF01F053
:1019980055FF02460D4B1B6A03F00F030C49CB5C45
:1019A80022FA03F30B4A13600420FFF741F80F20D3
:1019B80000F012F80346002B01D0012302E006F0E4
:1019C80011FF0023184680BD00200240000C02468B
:1019D800E82E11080000042080B584B000AF7860BC
:1019E8000023FB60334B1B78002B01D101235CE003
:1019F800314B1B6803F00403042B0CD12F4B1A68DE
:101A08002C4B1B7819464FF47A73B3FBF1F3B2FBF6
:101A1800F3F3FB6037E0FFF763F8B860BB68022BAD
:101A280023D0BB68022B2DD8BB68002B03D0BB6822
:101A3800012B0DD026E0214B1A681E4B1B78194646
:101A48004FF4FA53B3FBF1F3B2FBF3F3FB601AE084
:101A5800184B1B781A464FF47A73B3FBF2F34FF422
:101A6800FA42B2FBF3F3FB600DE0124B1B781A4607
:101A78004FF47A73B3FBF2F34FF40042B2FBF3F383
:101A8800FB6000E000BFF868FEF7B0FF0346002BDC
:101A980001D0012309E0002279684FF0FF30FEF7FA
:101AA8007DFF074A7B681360002318461037BD4640
:101AB80080BD00BF0800042010E000E00000042002
:101AC8000400042080B400AF064B1B781A46064B6E
:101AD8001B681344044A136000BFBD465DF8047BCD
:101AE800704700BF080004207C02042080B400AFC7
:101AF800034B1B681846BD465DF8047B704700BF62
:101B08007C02042080B584B000AF7860FFF7EEFF58
:101B1800B8607B68FB60FB68B3F1FF3F05D00A4BF8
:101B28001B781A46FB681344FB6000BFFFF7DEFF13
:101B38000246BB68D31AFA689A42F7D800BF00BFBA
:101B48001037BD4680BD00BF0800042080B582B0B4
:101B580000AF78607B68002B01D101238DE07B68A2
:101B680093F84130DBB2002B06D17B68002283F862
:101B78004020786806F050FE7B68242283F84120D4
:101B88007B681B681A687B681B6822F001021A6070
:101B98007B685A687B681B6822F070621A617B68F0
:101BA8001B689A687B681B6822F400429A607B680D
:101BB800DB68012B07D17B689A687B681B6842F455
:101BC80000429A6006E07B689A687B681B6842F46A
:101BD80004429A607B68DB68022B08D17B681B682B
:101BE8005A687B681B6842F400625A6007E07B68A9
:101BF8001B685A687B681B6822F400625A607B681D
:101C08001B685B687A68126843F0007343F400430A
:101C180053607B681B68DA687B681B6822F40042A3
:101C2800DA607B681A697B685B6942EA03017B6852
:101C38009B691A027B681B680A43DA607B68D9696A
:101C48007B681A6A7B681B680A431A607B681B6892
:101C58001A687B681B6842F001021A607B680022E0
:101C68005A647B68202283F841207B6800221A632B
:101C78007B68002283F84220002318460837BD46B7
:101C880080BD000080B588B002AFF86008461146F4
:101C98001A4603467B810B463B811346FB80FB6853
:101CA80093F84130DBB2202B40F0F9803B6A002BDF
:101CB80002D0BB8C002B05D1FB684FF400725A642C
:101CC8000123EDE0FB6893F84030012B01D102239A
:101CD800E6E0FB68012283F84020FFF707FF786100
:101CE8007B690093192301224FF40041F86800F042
:101CF80049FA0346002B01D00123D1E0FB682122D9
:101D080083F84120FB68402283F84220FB680022C8
:101D18005A64FB683A6A5A62FB68BA8C5A85FB684F
:101D280000225A63F8883A8979897B690193BB6AEA
:101D380000930346F86800F0ADF90346002B05D080
:101D4800FB68002283F840200123A9E0FB685B8D33
:101D58009BB2FF2B0ED9FB68FF221A85FB681B8DEF
:101D6800DAB27989002300934FF08073F86800F0A5
:101D7800CDFB0FE0FB685B8D9AB2FB681A85FB68A8
:101D88001B8DDAB27989002300934FF00073F8684D
:101D980000F0BCFB7A69B96AF86800F04CFA0346AF
:101DA800002B01D001237BE0FB685B6A1A78FB6893
:101DB8001B689A62FB685B6A5A1CFB685A62FB687C
:101DC8005B8D9BB2013B9AB2FB685A85FB681B8D01
:101DD800013B9AB2FB681A85FB685B8D9BB2002BAE
:101DE80034D0FB681B8D002B30D17B690093BB6A14
:101DF80000228021F86800F0C5F90346002B01D0C5
:101E080001234DE0FB685B8D9BB2FF2B0ED9FB686D
:101E1800FF221A85FB681B8DDAB2798900230093AB
:101E28004FF08073F86800F071FB0FE0FB685B8D82
:101E38009AB2FB681A85FB681B8DDAB27989002390
:101E480000934FF00073F86800F060FBFB685B8D4F
:101E58009BB2002B9ED17A69B96AF86800F032FA11
:101E68000346002B01D001231AE0FB681B682022DF
:101E7800DA61FB681B685968FB681A680A4B0B40F3
:101E88005360FB68202283F84120FB68002283F816
:101E98004220FB68002283F84020002300E0022350
:101EA80018461837BD4680BD00E800FE80B58AB0E8
:101EB80002AFF8607A603B600B467B8100237B6150
:101EC800FB6893F84130DBB2202B40F0DE80FB68E2
:101ED8001B689B6903F40043B3F5004F01D102234B
:101EE800D4E0FB6893F84030012B01D10223CDE008
:101EF800FB68012283F84020FB68242283F84120F4
:101F0800FB6800225A64FB68DB68012B07D17B89D8
:101F1800C3F3090343F0007343F4005306E07B89DD
:101F2800C3F3090343F0007343F42053FA681268BB
:101F38005360FFF7DBFDB861FB681B689B6903F022
:101F48002003202B0CBF01230023DBB2FB77FB68A7
:101F58001B689B6903F01003102B0CBF012300239F
:101F6800DBB2BB7734E03B68B3F1FF3F1AD0FFF731
:101F7800BDFD0246BB69D31A3A689A4202D33B6850
:101F8800002B0FD1FB68202283F84120FB685B6C93
:101F980043F02002FB685A64FB68002283F8402063
:101FA800012373E0FB681B689B6903F02003202B67
:101FB8000CBF01230023DBB2FB77FB681B689B691E
:101FC80003F01003102B0CBF01230023DBB2BB77F7
:101FD800FB7F002B02D1BB7F002BC4D0FB681B68A2
:101FE8009B6903F01003102B24D0BB6900933B6856
:101FF80000222021F86800F0C5F80346002B0BD01A
:10200800FB685B6C042B28D1FB681B682022DA6113
:10201800FB6800225A6420E0FB681B682022DA6112
:10202800FB68202283F84120FB68002283F84020C7
:1020380000232BE0FB681B681022DA61BB69009360
:102048003B6800222021F86800F09CF80346002B2A
:1020580003D1FB681B682022DA617B6901337B614D
:102068007B697A689A423FF64EAFFB68202283F874
:102078004120FB685B6C43F02002FB685A64FB68F4
:10208800002283F84020012300E00223184620376D
:10209800BD4680BD80B586B002AFF86008461146DF
:1020A8001A4603467B810B463B811346FB80FB881F
:1020B800DAB27989204B00934FF08073F86800F00A
:1020C80025FAFA69B969F86800F0B5F80346002BF3
:1020D80001D001232CE0FB88012B05D13B89DAB222
:1020E800FB681B689A6215E03B891B0A9BB2DAB24F
:1020F800FB681B689A62FA69B969F86800F09BF88E
:102108000346002B01D0012312E03B89DAB2FB68B9
:102118001B689A62FB690093BB6900228021F868FA
:1021280000F030F80346002B01D0012300E0002323
:1021380018461037BD4680BD0020008080B483B0AB
:1021480000AF78607B681B689B6903F00203022B71
:1021580003D17B681B6800229A627B681B689B69B5
:1021680003F00103012B07D07B681B689A697B6821
:102178001B6842F001029A6100BF0C37BD465DF84A
:10218800047B704780B584B000AFF860B9603B60ED
:102198001346FB713BE0BA693968F86800F0D6F875
:1021A8000346002B01D0012341E03B68B3F1FF3F18
:1021B8002DD0FFF79BFC0246BB69D31A3A689A42B6
:1021C80002D33B68002B22D1FB681B689A69BB6865
:1021D8001340BA689A420CBF01230023DBB21A46A7
:1021E800FB799A4213D1FB685B6C43F02002FB68D1
:1021F8005A64FB68202283F84120FB68002283F898
:102208004220FB68002283F8402001230FE0FB688E
:102218001B689A69BB681340BA689A420CBF0123CD
:102228000023DBB21A46FB799A42B4D00023184641
:102238001037BD4680BD80B584B000AFF860B96086
:102248007A6033E07A68B968F86800F07FF8034686
:10225800002B01D0012331E0BB68B3F1FF3F25D04B
:10226800FFF744FC02467B68D31ABA689A4202D345
:10227800BB68002B1AD1FB681B689B6903F002033B
:10228800022B13D0FB685B6C43F02002FB685A6496
:10229800FB68202283F84120FB68002283F8422053
:1022A800FB68002283F84020012307E0FB681B68D5
:1022B8009B6903F00203022BC4D100231846103790
:1022C800BD4680BD80B584B000AFF860B9607A6063
:1022D8002FE07A68B968F86800F038F80346002BF0
:1022E80001D001232DE0FFF701FC02467B68D31AD9
:1022F800BA689A4202D3BB68002B1AD1FB681B68E4
:102308009B6903F02003202B13D0FB685B6C43F020
:102318002002FB685A64FB68202283F84120FB688E
:10232800002283F84220FB68002283F84020012322
:1023380007E0FB681B689B6903F02003202BC8D1CA
:10234800002318461037BD4680BD000080B58AB00E
:1023580000AFF860B9607A60002387F82730FB681F
:102368001B689B69BB6100233B627B68FB61BB699F
:1023780003F01003002B68D0FB681B681022DA6199
:1023880049E0BB68B3F1FF3F45D0FFF7AFFB02461A
:10239800FB69D31ABA689A4202D3BB68002B3AD1B8
:1023A800FB681B685B6803F480437B61FB6893F8F8
:1023B8004230FB74FB681B689B6903F40043B3F568
:1023C800004F21D17B69B3F5804F1DD0FB7C202BBA
:1023D8001AD0FB681B685A68FB681B6842F4804285
:1023E8005A60FFF783FBF8610EE0FFF77FFB0246B8
:1023F800FB69D31A192B07D93B6A43F020033B62C8
:10240800012387F8273006E0FB681B689B6903F007
:102418002003202BE9D1FB681B689B6903F020038C
:10242800202B03D097F82730002BAAD097F8273015
:10243800002B03D1FB681B682022DA613B6A43F05A
:1024480004033B62012387F82730FB681B689B69FC
:10245800BB61BB6903F48073002B0BD03B6A43F06C
:1024680001033B62FB681B684FF48072DA61012349
:1024780087F82730BB6903F48063002B0BD03B6AD5
:1024880043F008033B62FB681B684FF48062DA6123
:10249800012387F82730BB6903F40073002B0BD0A6
:1024A8003B6A43F002033B62FB681B684FF400720F
:1024B800DA61012387F8273097F82730002B1CD0E2
:1024C800F868FFF73BFEFB681B685968FB681A68E9
:1024D8000D4B0B405360FB685A6C3B6A1A43FB6810
:1024E8005A64FB68202283F84120FB68002283F8A5
:1024F8004220FB68002283F8402097F827301846CE
:102508002837BD4680BD00BF00E800FE80B487B014
:1025180000AFF8607B600B467B8113467B727B893A
:10252800C3F309027B7A1B0403F47F031A437B6815
:102538001A433B6A134323F000437B61FB681B6823
:102548005A683B6A5B0D03F48061084B0B43DB431D
:1025580002EA0301FB681B687A690A435A6000BFF4
:102568001C37BD465DF8047B704700BFFF63FF035F
:1025780080B483B000AF786039607B6893F84130ED
:10258800DBB2202B38D17B6893F84030012B01D186
:10259800022332E07B68012283F840207B682422F2
:1025A80083F841207B681B681A687B681B6822F0E7
:1025B80001021A607B681B681A687B681B6822F432
:1025C80080521A607B681B6819687B681B683A68C8
:1025D8000A431A607B681B681A687B681B6842F0AC
:1025E80001021A607B68202283F841207B68002260
:1025F80083F84020002300E0022318460C37BD462C
:102608005DF8047B704780B485B000AF78603960AE
:102618007B6893F84130DBB2202B39D17B6893F883
:102628004030012B01D1022333E07B68012283F87B
:1026380040207B68242283F841207B681B681A6845
:102648007B681B6822F001021A607B681B681B68A4
:10265800FB60FB6823F47063FB603B681B02FA684D
:102668001343FB607B681B68FA681A607B681B6809
:102678001A687B681B6842F001021A607B68202296
:1026880083F841207B68002283F84020002300E083
:10269800022318461437BD465DF8047B70470000D6
:1026A80080B58EB000AF7860002387F837307B683C
:1026B800002B02D1012300F0C8BE994BDB6903F05F
:1026C8000C033B63964B9B6A03F00303FB627B6836
:1026D8001B6803F01003002B00F06C813B6B002B90
:1026E80007D03B6B0C2B40F0DE80FB6A012B40F0DF
:1026F800DA807B68DB69002B02D1012300F0A5BEDC
:102708007B685A6A864B9B6803F40003002B04D04D
:10271800834B9B6803F0704305E0814BD3F8F4309A
:102728001B0403F07043934255D23B6B002B0AD134
:102738007B685B6A184601F0D9F90346002B02D082
:10274800012300F082BE764B9B68754A43F4000370
:102758009360734B9B6823F070427B685B6A704997
:1027680013438B607B685B6AB3F1404F09D36C4BB2
:10277800DB6823F01F027B681B6A69491343CB603F
:102788007EE07B685B6A002B0ADA654BDB6823F422
:1027980078727B681B6A5B0161491343CB606FE009
:1027A8007B685B6AB3F1804F0AD35D4BDB6823F427
:1027B800F8427B681B6A9B0259491343CB605FE070
:1027C800574BDB6823F478227B681B6ADB03544988
:1027D8001343CB6054E0524B9B68514A43F40003C7
:1027E80093604F4B9B6823F070427B685B6A4C494F
:1027F80013438B607B685B6AB3F1404F09D3484B46
:10280800DB6823F01F027B681B6A45491343CB60D2
:1028180028E07B685B6A002B0ADA414BDB6823F40B
:1028280078727B681B6A5B013D491343CB6019E0F2
:102838007B685B6AB3F1804F0AD3394BDB6823F4BA
:10284800F8427B681B6A9B0235491343CB6009E059
:10285800334BDB6823F478227B681B6ADB0330493F
:102868001343CB603B6B002B0AD17B685B6A18462D
:1028780001F03CF90346002B02D0012300F0E5BD2E
:1028880001F0DEF8274B1B681846FFF7A5F803464A
:1028980087F8273097F82730002B00F08A8097F8C0
:1028A800273000F0D2BD7B68DB69002B66D01C4B5B
:1028B8001B681B4A43F001031360FFF717F9B8625E
:1028C80009E0FFF713F90246BB6AD31A022B02D9B3
:1028D800032300F0BABD124B1B6803F00403002B5E
:1028E800EFD00F4B9B680E4A43F4000393600C4BE8
:1028F8009B6823F070427B685B6A094913438B60CD
:102908007B685B6AB3F1404F0ED3054BDB6823F05D
:102918001F027B681B6A02491343CB604AE000BF71
:10292800000C0246040004207B685B6A002B0ADA6C
:10293800984BDB6823F478727B681B6A5B019549C6
:102948001343CB6036E07B685B6AB3F1804F0AD3F0
:10295800904BDB6823F4F8427B681B6A9B028D4925
:102968001343CB6026E08B4BDB6823F478227B682B
:102978001B6ADB0387491343CB601BE0854B1B684D
:10298800844A23F001031360FFF7B0F8B86209E046
:10299800FFF7ACF80246BB6AD31A022B02D903230D
:1029A80000F053BD7B4B1B6803F00403002BEFD1F1
:1029B80000E000BF7B681B6803F00103002B00F0F8
:1029C8008B803B6B082B05D03B6B0C2B09D1FB6A2A
:1029D800032B06D17B685B68002B7DD1012300F0B7
:1029E80034BD7B685B68B3F5803F06D1694B1B68D3
:1029F800684A43F48033136041E07B685B68B3F551
:102A0800A02F12D1634B1B68624A43F480231360E2
:102A1800604B1B685F4A23F4801313605D4B1B688F
:102A28005C4A43F48033136029E07B685B68B3F544
:102A3800A81F12D1574B1B68564A43F480231360D2
:102A4800544B1B68534A43F480131360514B1B6863
:102A5800504A43F48033136011E04E4B1B684D4AD3
:102A680023F4803313604B4B1B684A4A23F48023BA
:102A78001360484B1B68474A23F4801313607B6834
:102A88005B68002B14D0FFF731F8B86209E0FFF754
:102A98002DF80246BB6AD31A642B02D9032300F02F
:102AA800D4BC3C4B1B6803F40033002BEFD013E07D
:102AB800FFF71CF8B86209E0FFF718F80246BB6A8E
:102AC800D31A642B02D9032300F0BFBC314B1B6817
:102AD80003F40033002BEFD17B681B6803F002037B
:102AE800002B5FD03B6B042B05D03B6B0C2B14D118
:102AF800FB6A022B11D17B68DB68002B02D1012312
:102B080000F0A3BC234B1B6923F4F8127B681B69F4
:102B18001B04204913430B6144E07B68DB68002BEE
:102B280024D01C4B1B681B4A43F480731360FEF7C8
:102B3800DDFFB86209E0FEF7D9FF0246BB6AD31A87
:102B4800022B02D9032300F080BC124B1B6803F44C
:102B58008063002BEFD00F4B1B6923F4F8127B68BE
:102B68001B691B040B4913430B611BE0094B1B68D2
:102B7800084A23F480731360FEF7B8FFB8620BE0CD
:102B8800FEF7B4FF0246BB6AD31A022B04D903230B
:102B980000F05BBC000C0246AF4B1B6803F480637B
:102BA800002BEDD17B681B6803F00803002B00F0B5
:102BB800C880002387F83630A74BD3F8943003F049
:102BC8000403002B11D1A44BD3F89430A24A43F04C
:102BD8000403C2F89430A04BD3F8943003F00403F4
:102BE8007B617B69012387F836309C4B9B6A03F035
:102BF8000103002B19D1994B9B6A984A43F00103B2
:102C08009362FEF773FFB86209E0FEF76FFF0246B2
:102C1800BB6AD31A022B02D9032300F016BC8F4BD0
:102C28009B6A03F00103002BEFD07B685B69002BE4
:102C38005FD0894BD3F8F0303B627B689A693B6A76
:102C480003F080539A4237D03B6A03F00063002BAD
:102C580006D03B6A03F08063002B01D10123F4E323
:102C68003B6A03F08063002B1BD07B4BD3F8F0301A
:102C7800794A23F0A053C2F8F030FEF737FFB86264
:102C880008E0FEF733FF0246BB6AD31A052B01D9C9
:102C98000323DAE3704BD3F8F03003F00063002B22
:102CA800EFD16D4BD3F8F03023F080527B689B69ED
:102CB80069491343C1F8F030674BD3F8F030664ADE
:102CC80043F08063C2F8F030FEF710FFB86208E006
:102CD800FEF70CFF0246BB6AD31A052B01D9032362
:102CE800B3E35D4BD3F8F03003F00063002BEFD073
:102CF8001BE0594BD3F8F030574A23F0A053C2F8E1
:102D0800F030FEF7F3FEB86208E0FEF7EFFE024689
:102D1800BB6AD31A052B01D9032396E34E4BD3F88C
:102D2800F03003F00063002BEFD197F83630012B19
:102D380007D1494BD3F89430474A23F00403C2F82B
:102D480094307B681B6803F00403002B00F01181AA
:102D5800002387F83530404BD3F8943003F0040350
:102D6800002B11D13C4BD3F894303B4A43F0040379
:102D7800C2F89430384BD3F8943003F004033B6125
:102D88003B69012387F83530344B9B6A03F0010314
:102D9800002B18D1314B9B6A304A43F001039362F0
:102DA800FEF7A4FEB86208E0FEF7A0FE0246BB6A82
:102DB800D31A022B01D9032347E3284B9B6A03F05C
:102DC8000103002BF0D07B689B6803F00103002B04
:102DD8001FD07B689B6803F00403002B10D01E4BA8
:102DE800D3F8F0301C4A43F00403C2F8F0301A4B11
:102DF800D3F8F030184A43F00103C2F8F03018E075
:102E0800154BD3F8F030144A43F00103C2F8F03000
:102E18000FE0114BD3F8F0300F4A23F00103C2F84A
:102E2800F0300D4BD3F8F0300B4A23F00403C2F80E
:102E3800F0307B689B68002B57D0FEF757FEB862CE
:102E48000EE0FEF753FE0246BB6AD31A41F28832FF
:102E5800934205D90323F8E2000C02460008024613
:102E68009C4BD3F8F03003F00203002BE9D07B68C9
:102E78009B6803F08003002B1BD0964BD3F8F030EF
:102E8800944A43F08003C2F8F0300AE0FEF72EFEC1
:102E98000246BB6AD31A41F28832934201D903230E
:102EA800D3E28C4BD3F8F03003F40063002BEDD061
:102EB80053E0884BD3F8F030864A23F08003C2F8F9
:102EC800F0300AE0FEF712FE0246BB6AD31A41F25E
:102ED8008832934201D90323B7E27E4BD3F8F0300E
:102EE80003F40063002BEDD137E0FEF7FFFDB86275
:102EF8000AE0FEF7FBFD0246BB6AD31A41F28832AC
:102F0800934201D90323A0E2724BD3F8F03003F0C7
:102F18000203002BEDD16F4BD3F8F03003F08003A0
:102F2800002B1AD06B4BD3F8F0306A4A23F0800399
:102F3800C2F8F0300AE0FEF7D9FD0246BB6AD31AA0
:102F480041F28832934201D903237EE2614BD3F8E0
:102F5800F03003F40063002BEDD197F83530012BE6
:102F680007D15C4BD3F894305A4A23F00403C2F8D3
:102F780094307B681B6803F02003002B36D07B68F5
:102F8800DB6A002B19D0534B1B68524A43F4805319
:102F98001360FEF7ABFDB86208E0FEF7A7FD024636
:102FA800BB6AD31A022B01D903234EE2494B1B6893
:102FB80003F40053002BF0D018E0464B1B68454A39
:102FC80023F480531360FEF791FDB86208E0FEF722
:102FD8008DFD0246BB6AD31A022B01D9032334E2C2
:102FE8003C4B1B6803F40053002BF0D17B681B6833
:102FF80003F08003002B36D07B681B6B002B19D0A5
:10300800344B1B68334A43F480431360FEF76EFD6C
:10301800B86208E0FEF76AFD0246BB6AD31A022BC3
:1030280001D9032311E22B4B1B6803F40043002B47
:10303800F0D018E0274B1B68264A23F4804313601E
:10304800FEF754FDB86208E0FEF750FD0246BB6A81
:10305800D31A022B01D90323F7E11E4B1B6803F493
:103068000043002BF0D17B681B6803F04003002B62
:103078007FD07B685B6B002B62D0164B9B68154A30
:1030880043F400039360134B9B6823F070627B68E2
:103098009B6A104913438B607B685B6AB3F1404FAE
:1030A80009D30C4BDB6823F01F027B681B6A0949B4
:1030B8001343CB602AE07B685B6A002B0CDA054B74
:1030C800DB6823F478727B681B6A5B010149134350
:1030D800CB601BE0000C02467B685B6AB3F1804F53
:1030E8000AD3A14BDB6823F4F8427B681B6A9B0276
:1030F8009D491343CB6009E09B4BDB6823F478229E
:103108007B681B6ADB0398491343CB60964B1B68AB
:10311800954A43F010031360FEF7E8FCB86208E034
:10312800FEF7E4FC0246BB6AD31A022B01D903233B
:103138008BE18D4B1B6803F02003002BF0D018E0C7
:10314800894B1B68884A23F010031360FEF7CEFCF6
:10315800B86208E0FEF7CAFC0246BB6AD31A022B23
:1031680001D9032371E1804B1B6803F02003002B76
:10317800F0D17B689B6B002B00F06681002387F8F9
:103188003430794BDB6903F00C030C2B00F0F28030
:103198007B689B6B022B40F0C580734B1B68724A9F
:1031A80023F080731360FEF7A1FCB86208E0FEF715
:1031B8009DFC0246BB6AD31A022B01D9032344E1C2
:1031C800694B1B6803F00073002BF0D1664BD3F8F2
:1031D800943003F00403002B11D1634BD3F89430DF
:1031E800614A43F00403C2F894305F4BD3F894303B
:1031F80003F00403FB60FB68012387F834305B4B62
:10320800DB6803F48023B3F5802F02D1012387F80C
:103218003730564BDB68554A23F48023D360524B32
:103228009B6A23F47F4323F003037A68D16B7A689F
:10323800126C013A120211437A68526C0A434A49E5
:1032480013438B62484B5A6B494B13407A68926C14
:10325800013AC2F308017A68D26C013A520292B27A
:1032680011437A68126D013A120402F4FE02114306
:103278007A68526D013A120602F0FE420A433A4950
:1032880013434B63384B9B6A374A23F0100393620E
:103298007B68DB6D344ADB009363334B9B6A324AAD
:1032A80043F010039362304B9B6A23F00C027B6857
:1032B8009B6D2D4913438B6297F83730012B05D14D
:1032C8002A4BDB68294A43F48023D36097F83430CB
:1032D800012B07D1244BD3F89430234A23F004035D
:1032E800C2F89430204B1B681F4A43F08073136068
:1032F800FEF7FCFBB86208E0FEF7F8FB0246BB6A83
:10330800D31A022B01D903239FE0174B1B6803F044
:103318000073002BF0D0144B9B6A134A43F48023AC
:10332800936291E0104B1B680F4A23F0807313607F
:10333800FEF7DCFBB86208E0FEF7D8FB0246BB6A82
:10334800D31A022B01D903237FE0074B1B6803F034
:103358000073002BF0D1044B9B6A034A23F4E0234B
:1033680023F0030393626FE0000C02460008024654
:1033780000008080374B9B6AFB61364B5B6BBB61FF
:103388007B689B6B012B39D0FB6903F003027B68D8
:10339800DB6B9A4232D1FB691B0A03F00F027B6890
:1033A8001B6C013B9A4229D1FB6903F470427B688C
:1033B8005B6C9A4222D1BB69C3F308027B689B6CA1
:1033C800013B9A421AD1BB695B0A03F07F027B6812
:1033D800DB6C013B9A4211D1BB691B0C03F07F02E5
:1033E8007B681B6D013B9A4208D1BB691B0E03F039
:1033F8007F027B685B6D013B9A4201D0012324E088
:10340800144B9B6BDB08C3F30C027B68DB6D9A42A1
:103418001AD0104B9B6A0F4A23F010039362FEF7F1
:1034280065FBB86200BFFEF761FB0246BB6A9342C8
:10343800F9D07B68DB6D074ADB009363054B9B6A19
:10344800044A43F010039362002318463837BD46F8
:1034580080BD00BF000C024680B586B000AF786022
:1034680039607B68002B01D10123D9E19B4B1B6894
:1034780003F00F033A689A4210D9984B1B6823F05F
:103488000F0296493B6813430B60944B1B6803F08B
:103498000F033A689A4201D00123C1E17B681B6897
:1034A80003F01003002B10D07B685A698C4B5B6AC1
:1034B80003F070039A4208D9894B5B6A23F07002C3
:1034C8007B685B69864913434B627B681B6803F022
:1034D8000803002B12D07B681A69814B1B6A1B09F1
:1034E80003F070039A4209D97D4B1B6A23F4E0620A
:1034F8007B681B691B017A4913430B627B681B6855
:1035080003F00403002B10D07B68DA68744B1B6A45
:1035180003F070039A4208D9714B1B6A23F07002BA
:103528007B68DB686E4913430B627B681B6803F09A
:103538000203002B10D07B689A68694B1B6A03F062
:103548000F039A4208D9664B1B6A23F00F027B6867
:103558009B68634913430B627B681B6803F0010394
:10356800002B00F0D2800023FB757B685B68032B7F
:1035780043D15B4BD3F8943003F00403002B10D1F4
:10358800574BD3F89430564A43F00403C2F89430AA
:10359800534BD3F8943003F00403BB60BB6801239A
:1035A800FB75FEF7A3FA38614E4BDB6803F4802302
:1035B800002B0FD008E0FEF799FA02463B69D31AB0
:1035C800022B01D903232BE1464BDB6803F480432C
:1035D800002BF0D0FB7D012B07D1414BD3F8943061
:1035E8003F4A23F00403C2F894303D4B1B6803F0B4
:1035F8000073002B21D1012312E17B685B68022B49
:1036080007D1374B1B6803F40033002B15D1012376
:1036180006E17B685B68002B07D1314B1B6803F020
:103628000403002B09D10123FAE02D4B1B6803F496
:103638008063002B01D10123F2E0294BDB6923F0E1
:1036480003027B685B6826491343CB61FEF74EFA99
:1036580038617B685B68032B12D10AE0FEF746FAF3
:1036680002463B69D31A41F28832934201D90323B7
:10367800D6E01B4BDB6903F00C030C2BEED144E0C6
:103688007B685B68022B12D10AE0FEF72FFA02462C
:103698003B69D31A41F28832934201D90323BFE030
:1036A8000F4BDB6903F00C03082BEED12DE07B6890
:1036B8005B68002B23D10AE0FEF718FA02463B6943
:1036C800D31A41F28832934201D90323A8E0044B6C
:1036D800DB6903F00C03002BEED116E0002002405A
:1036E800000C024600080246FEF700FA02463B6953
:1036F800D31A41F28832934201D9032390E04A4B0E
:10370800DB6903F00C03042BEED17B681B6803F024
:103718000203002B10D07B689A68434B1B6A03F0A6
:103728000F039A4208D2404B1B6A23F00F027B68B2
:103738009B683D4913430B623C4B1B6803F00F0326
:103748003A689A4210D2394B1B6823F00F02374966
:103758003B6813430B60354B1B6803F00F033A6853
:103768009A4201D001235BE07B681B6803F00403E5
:10377800002B10D07B68DA682B4B1B6A03F07003B0
:103788009A4208D2284B1B6A23F070027B68DB68D8
:10379800254913430B627B681B6803F00803002B61
:1037A80012D07B681A69204B1B6A1B0903F070034F
:1037B8009A4209D21C4B1B6A23F4E0627B681B699E
:1037C8001B01194913430B627B681B6803F0100344
:1037D800002B10D07B685A69134B5B6A03F07003A7
:1037E8009A4208D2104B5B6A23F070027B685B69CF
:1037F8000D4913434B6200F021F802460A4B1B6A3D
:1038080003F00F030A49CB5C22FA03F3094A136059
:10381800094B1B681846FEF7DFF80346FB73FB7B72
:1038280018461837BD4680BD000C024600200240ED
:10383800E82E1108000004200400042080B48BB096
:1038480000AF00237B6200233B62784BDB6903F007
:103858000C03BB61754B9B6A03F003037B61BB6977
:10386800002B05D0BB690C2B21D17B69012B1ED104
:103878006E4B9B6803F40003002B07D16B4BD3F806
:10388800F4301B0B03F00F037B6205E0674B9B686A
:103898001B0F03F00F037B62654A7B6A52F82330E3
:1038A8007B62BB69002B10D17B6A3B620DE05F4BEA
:1038B800DB6903F00C03042B02D15E4B3B6204E08E
:1038C800BB69082B01D15B4B3B62BB690C2B40F0F9
:1038D800A580564B9B6A03F003033B61534B9B6ADD
:1038E8001B0A03F00F030133FB60504B9B6A1B0953
:1038F80003F00103BB604D4B9B6BDB08C3F30C0368
:10390800BA6802FB03F307EE903AF8EE677AC7ED60
:10391800017A3B69022B03D03B69032B22D043E099
:10392800FB6807EE903AF8EE677ADFED436A86EEB9
:10393800A77A3E4B5B6BC3F3080307EE903AF8EEA9
:10394800676A97ED016ADFED3D5AC6EE257A76EE95
:10395800A77AF7EE006A77EEA67A67EE277AC7EDC0
:10396800077A46E0FB6807EE903AF8EE677ADFEDF3
:10397800326A86EEA77A2D4B5B6BC3F3080307EE1A
:10398800903AF8EE676A97ED016ADFED2C5AC6EEB9
:10399800257A76EEA77AF7EE006A77EEA67A67EED2
:1039A800277AC7ED077A24E07B6A07EE903AF8EEAB
:1039B800676AFB6807EE903AF8EE677A86EEA77AB0
:1039C8001A4B5B6BC3F3080307EE903AF8EE676A8D
:1039D80097ED016ADFED195AC6EE257A76EEA77AD9
:1039E800F7EE006A77EEA67A67EE277AC7ED077AD0
:1039F80000BF0E4B5B6B1B0E03F07F0301333B6074
:103A08003B6807EE903AB8EE677AD7ED076AC6EEDC
:103A1800877AFCEEE77A17EE903A3B623B6A1846E3
:103A28002C37BD465DF8047B704700BF000C02468A
:103A3800002F11080024F4000024744B00000046F5
:103A480080B500AFFFF7FAFE0246074B1B6A03F08A
:103A58000F030649CB5C22FA03F3054A1360044BB3
:103A68001B68184680BD00BF000C0246E82E1108EE
:103A78000000042080B500AFFFF7E2FF0246054BC7
:103A88001B6A1B0903F007030349CB5C22FA03F303
:103A9800184680BD000C0246F82E110880B500AF0C
:103AA800FFF7CEFF0246054B1B6A1B0A03F007030C
:103AB8000349CB5C22FA03F3184680BD000C02468A
:103AC800F82E110880B500AFFFF7BAFF0246054B84
:103AD8005B6A1B0903F007030349CB5C22FA03F373
:103AE800184680BD000C0246F82E110880B586B035
:103AF80000AF78603E4BD3F8943003F00403002BFA
:103B080003D002F087FF786119E0394BD3F894307D
:103B1800374A43F00403C2F89430354BD3F8943055
:103B280003F00403FB60FB6802F074FF7861304B1C
:103B3800D3F894302E4A23F00403C2F894307B69FA
:103B4800B3F5403F03D07B69B3F5003F09D17B68EB
:103B5800B3F1805F02D201233B6133E000233B6174
:103B680030E07B68B3F1805F08D27B69B3F5803FB2
:103B780002D103233B6125E0012335E07B68B3F1E3
:103B8800005F0FD97B69002B09D17B68B3F1405FD7
:103B980002D900233B6115E001233B6112E00023B9
:103BA8003B610FE07B68B3F1805F09D17B69B3F5B6
:103BB800803F02D101233B6104E002233B6101E025
:103BC80001233B610B4B1B6823F00F0209493B693A
:103BD80013430B60074B1B6803F00F033A699A42C3
:103BE80001D0012300E0002318461837BD4680BDE8
:103BF800000C0246002002402DE9B04FB8B000AFDB
:103C0800C7F8CC00002387F8DB30002387F8DA30C8
:103C1800D7F8CC30D3E9002302F00104002554EA98
:103C280005030BD0CA4BD3F8E03023F00301D7F8D3
:103C3800CC301B6DC64A0B43C2F8E030D7F8CC3005
:103C4800D3E9002302F002084FF0000958EA0903FB
:103C58000BD0BF4BD3F8E03023F00C01D7F8CC30B1
:103C68005B6DBB4A0B43C2F8E030D7F8CC30D3E9E0
:103C7800002302F0040A4FF0000B5AEA0B030BD0A2
:103C8800B34BD3F8E03023F03001D7F8CC309B6D3C
:103C9800AF4A0B43C2F8E030D7F8CC30D3E9002361
:103CA80002F00803C7F8C0300023C7F8C430D7E9CA
:103CB80030120B4613430BD0A54BD3F8E03023F05A
:103CC800C001D7F8CC30DB6DA14A0B43C2F8E03015
:103CD800D7F8CC30D3E9002302F01003C7F8B83086
:103CE8000023C7F8BC30D7E92E120B4613430BD07C
:103CF800974BD3F8E03023F44071D7F8CC301B6EE3
:103D0800934A0B43C2F8E030D7F8CC30D3E900230C
:103D180002F02003C7F8B0300023C7F8B430D7E961
:103D28002C120B4613430BD0894BD3F8E83023F001
:103D38000701D7F8CC305B6E854A0B43C2F8E830F0
:103D4800D7F8CC30D3E9002302F04003C7F8A830F5
:103D58000023C7F8AC30D7E92A120B4613430BD01F
:103D68007B4BD3F8E03023F44061D7F8CC309B6E1E
:103D7800774A0B43C2F8E030D7F8CC30D3E90023B8
:103D880002F08003C7F8A0300023C7F8A430D7E9B1
:103D980028120B4613430BD06D4BD3F8E03023F4B5
:103DA8004051D7F8CC30DB6E694A0B43C2F8E0309B
:103DB800D7F8CC30D3E9002302F48073C7F89830E1
:103DC8000023C7F89C30D7E926120B4613430BD0C3
:103DD8005F4BD3F8E83023F0C001D7F8CC301B6F25
:103DE8005B4A0B43C2F8E830D7F8CC30D3E900235C
:103DF80002F48003C7F890300023C7F89430D7E95D
:103E080024120B4613430BD0514BD3F8E03023F464
:103E18004041D7F8CC305B6F4D4A0B43C2F8E030D5
:103E2800D7F8CC30D3E9002302F40073C7F8883000
:103E38000023C7F88C30D7E922120B4613430BD066
:103E4800434BD3F8E83023F44061D7F8CC309B6F6C
:103E58003F4A0B43C2F8E830D7F8CC30D3E9002307
:103E680002F48063C7F880300023C7F88430D7E9AC
:103E780020120B4613430BD0354BD3F8E03023F414
:103E88004021D7F8CC30DB6F314A0B43C2F8E03021
:103E9800D7F8CC30D3E9002302F40063BB670023D2
:103EA800FB67D7E91E120B4613430CD0284BD3F8F7
:103EB800E83023F44071D7F8CC30D3F88030244A66
:103EC8000B43C2F8E830D7F8CC30D3E9002302F42A
:103ED80000533B6700237B67D7E91C120B4613434B
:103EE8004FD0D7F8CC30D3F89030802B2DD0802B02
:103EF80027D8602B2ED0602B23D8402B06D0402B00
:103F08001FD8002B09D0202B11D01AE0104B9B6A28
:103F18000F4A43F4803393621DE0D7F8CC3008335E
:103F2800184602F0D1F9034687F8DB3013E0D7F8DA
:103F3800CC302C33184602F05FFA034687F8DB30A2
:103F480009E0012387F8DB3005E000BF03E000BF8C
:103F5800000C024600BF97F8DB30002B0DD1B64BA2
:103F6800D3F8E43023F0E001D7F8CC30D3F8903020
:103F7800B14A0B43C2F8E43003E097F8DB3087F826
:103F8800DA30D7F8CC30D3E9002302F48043BB669B
:103F98000023FB66D7E91A120B46134353D0D7F810
:103FA800CC30D3F89430B3F5806F33D0B3F5806F4D
:103FB8002CD8B3F5407F2FD0B3F5407F26D8B3F582
:103FC800007F08D0B3F5007F20D8002B0AD0B3F5C6
:103FD800807F11D01AE0984B9B6A974A43F480334C
:103FE80093621AE0D7F8CC300833184602F06CF91F
:103FF800034687F8DB3010E0D7F8CC302C3318466E
:1040080002F0FAF9034687F8DB3006E0012387F867
:10401800DB3002E000BF00E000BF97F8DB30002B88
:104028000DD1854BD3F8E43023F4E061D7F8CC30D8
:10403800D3F89430804A0B43C2F8E43003E097F891
:10404800DB3087F8DA30D7F8CC30D3E9002302F434
:1040580000433B6600237B66D7E918120B461343DF
:1040680046D0D7F8CC30D3F8A430B3F5A04F28D039
:10407800B3F5A04F21D8B3F5804F22D0B3F5804FC8
:104088001BD8B3F5405F1CD0B3F5405F15D8B3F526
:10409800005F08D0B3F5005F0FD8002B11D0B3F53F
:1040A800805F0ED009E0D7F8CC300833184602F00C
:1040B8000BF9034687F8DB3004E0012387F8DB308F
:1040C80000E000BF97F8DB30002B0DD15A4BD3F836
:1040D800E83023F4E041D7F8CC30D3F8A430564A7E
:1040E8000B43C2F8E83003E097F8DB3087F8DA30A2
:1040F800D7F8CC30D3E9002302F48033BB65002322
:10410800FB65D7E916120B4613433FD0D7F8CC30DE
:10411800D3F88830042B1ED801A252F823F000BF30
:10412800674110083D4110084B41100867411008CD
:1041380067411008404B9B6A3F4A43F480339362BF
:104148000EE0D7F8CC302C33184602F055F9034668
:1041580087F8DB3004E0012387F8DB3000E000BF9C
:1041680097F8DB30002B0DD1334BD3F8E43023F034
:104178000701D7F8CC30D3F888302F4A0B43C2F860
:10418800E43003E097F8DB3087F8DA30D7F8CC3042
:10419800D3E9002302F400333B6500237B65D7E9AC
:1041A80014120B4613434DD0D7F8CC30D3F88C30CB
:1041B800B3F5802F28D0B3F5802F21D8B3F5403F31
:1041C80024D0B3F5403F1BD8B3F5003F0ED0B3F56C
:1041D800003F15D8002B1BD0B3F5803F10D1164BEC
:1041E8009B6A154A43F48033936212E0D7F8CC30C7
:1041F8002C33184602F000F9034687F8DB3008E054
:10420800012387F8DB3004E000BF02E000BF00E0D4
:1042180000BF97F8DB30002B10D1074BD3F8E830FC
:1042280023F4E021D7F8CC30D3F88C30024A0B4382
:10423800C2F8E83006E000BF000C024697F8DB3011
:1042480087F8DA30D7F8CC30D3E9002302F480239A
:10425800BB640023FB64D7E912120B46134300F03A
:10426800B580002387F8D9309D4BD3F8943003F0FC
:104278000403002B13D19A4BD3F89430984A43F097
:104288000403C2F89430964BD3F8943003F0040337
:10429800C7F8D030D7F8D030012387F8D930914B00
:1042A8009B6A904A43F001039362FDF71FFCC7F82D
:1042B800D4000BE0FDF71AFC0246D7F8D430D31A25
:1042C800022B03D9032387F8DB3005E0854B9B6A73
:1042D80003F00103002BEDD097F8DB30002B65D1FC
:1042E8007F4BD3F8F03003F44073C7F8DC30D7F8CD
:1042F800DC30002B23D0D7F8CC30D3F8BC20D7F84B
:10430800DC3093421BD0764BD3F8F03023F4407363
:10431800C7F8DC30724BD3F8F030714A43F480337D
:10432800C2F8F0306E4BD3F8F0306D4A23F4803386
:10433800C2F8F0306A4AD7F8DC30C2F8F030D7F863
:10434800DC3003F00103002B19D0FDF7CFFBC7F8D1
:10435800D4000DE0FDF7CAFB0246D7F8D430D21AD4
:1043680041F288339A4203D9032387F8DB3006E009
:104378005B4BD3F8F03003F00203002BEAD097F838
:10438800DB30002B0DD1564BD3F8F03023F44071BD
:10439800D7F8CC30D3F8BC30514A0B43C2F8F030D0
:1043A80008E097F8DB3087F8DA3003E097F8DB307D
:1043B80087F8DA3097F8D930012B07D1484BD3F872
:1043C8009430474A23F00403C2F89430D7F8CC302D
:1043D800D3E9002302F480133B6400237B64D7E90C
:1043E80010120B46134342D0D7F8CC30D3F89C3088
:1043F800B3F1406F22D0B3F1406F1BD8B3F1006F17
:1044080011D0B3F1006F15D8002B19D0B3F1806F1C
:1044180010D1D7F8CC300833184601F055FF0346C1
:1044280087F8DB300DE02E4B9B6A2D4A43F40033AE
:10443800936206E0012387F8DB3002E000BF00E06A
:1044480000BF97F8DB30002B0DD1254BD3F8E030B7
:1044580023F04061D7F8CC30D3F89C30204A0B4386
:10446800C2F8E03003E097F8DB3087F8DA30D7F8A5
:10447800CC30D3E9002302F40023BB630023FB63A1
:10448800D7E90E120B46134332D0D7F8CC30D3F805
:104498009830B3F5005F0BD0B3F5005F04D8002B5C
:1044A80008D0B3F5805F07D0012387F8DB3004E03C
:1044B80000BF02E000BF00E000BF97F8DB30002B30
:1044C80012D1074BD3F8E43023F44051D7F8CC305D
:1044D800D3F89830024A0B43C2F8E43008E000BF32
:1044E800000C02460008024697F8DB3087F8DA30FD
:1044F800D7F8CC30D3E9002302F400133B63002340
:104508007B63D7E90C120B46134319D0D7F8CC308C
:10451800D3F8A030B3F5804F05D1884B9B6A874A02
:1045280043F480339362854BD3F8E43023F480411D
:10453800D7F8CC30D3F8A030804A0B43C2F8E43027
:10454800D7F8CC30D3E9002302F40003BB62002380
:10455800FB62D7E90A120B4613430CD0774BD3F80A
:10456800E03023F44012D7F8CC30D3F8B030734998
:104578001343C1F8E030D7F8CC30D3E9002302F078
:1045880080733B6200237B62D7E908120B46134312
:104598000CD06A4BD3F8E03023F44032D7F8CC3053
:1045A800D3F8B43065491343C1F8E030D7F8CC30BC
:1045B800D3E9002302F00073BB610023FB61D7E954
:1045C80006120B4613430CD05C4BD3F8E83023F0AB
:1045D8001802D7F8CC30D3F8B83058491343C1F88B
:1045E800E830D7F8CC30D3E9002302F080633B6190
:1045F80000237B61D7E904120B46134332D0D7F866
:10460800CC30D3F8AC30B3F5001F05D14B4B9B6AC7
:104618004A4A43F400339362D7F8CC30D3F8AC302D
:10462800B3F5401F08D1D7F8CC300833184601F04D
:104638004BFE034687F8DB3097F8DB30002B0DD1B3
:104648003E4BD3F8E43023F44012D7F8CC30D3F8FB
:10465800AC303A491343C1F8E43003E097F8DB3053
:1046680087F8DA30D7F8CC30D3E9002302F00063BA
:10467800BB600023FB60D7E902120B4613433AD014
:10468800D7F8CC30D3F88430B3F1007F0ED0B3F133
:10469800007F15D8002B17D0B3F1807F10D1274B9E
:1046A8009B6A264A43F4003393620EE0D7F8CC3075
:1046B8000833184601F008FE034687F8DB3004E0AB
:1046C800012387F8DB3000E000BF97F8DB30002BD0
:1046D8000DD11A4BD3F8E03023F04072D7F8CC3024
:1046E800D3F8843015491343C1F8E03003E097F854
:1046F800DB3087F8DA30D7F8CC30D3E9002302F082
:1047080080533B6000237B60D7E900120B461343BC
:104718000CD00A4BD3F8E83023F40042D7F8CC3059
:10472800D3F8A83005491343C1F8E83097F8DA30D0
:104738001846E037BD46BDE8B08F00BF000C024602
:1047480080B489B000AF7860A64B5B6BC3F30803F5
:10475800BB61A44B9B6A03F003037B61A14B9B6A7B
:104768001B0A03F00F0301333B619E4B9B6A1B0935
:1047780003F00103FB609B4B9B6BDB08C3F30C034B
:10478800FA6802FB03F307EE903AF8EE677AC7ED92
:10479800027A7B69032B62D07B69032B00F281804C
:1047A8007B69012B24D07B69022B7AD13B6907EE08
:1047B800903AF8EE677ADFED8C6A86EEA77A894B35
:1047C8005B6BC3F3080307EE903AF8EE676A97ED60
:1047D800026ADFED865AC6EE257A76EEA77AF7EEFC
:1047E800006A77EEA67A67EE277AC7ED077A8FE038
:1047F8007C4B9B6803F40003002B05D0794B9B6826
:104808001B0F03F00F0306E0764BD3F8F4301B04BC
:104818001B0F03F00F03764A52F8233007EE903A45
:10482800F8EE676A3B6907EE903AF8EE677A86EE2B
:10483800A77ABB6907EE903AF8EE676A97ED026AC5
:10484800DFED6A5AC6EE257A76EEA77AF7EE006AA9
:1048580077EEA67A67EE277AC7ED077A58E03B69C4
:1048680007EE903AF8EE677ADFED5F6A86EEA77A90
:104878005C4B5B6BC3F3080307EE903AF8EE676A8C
:1048880097ED026ADFED595AC6EE257A76EEA77AD9
:10489800F7EE006A77EEA67A67EE277AC7ED077A11
:1048A80036E0504B9B6803F40003002B05D04D4BBA
:1048B8009B681B0F03F00F0306E04A4BD3F8F43054
:1048C8001B041B0F03F00F03494A52F8233007EE6D
:1048D800903AF8EE676A3B6907EE903AF8EE677A25
:1048E80086EEA77ABB6907EE903AF8EE676A97ED0D
:1048F800026ADFED3E5AC6EE257A76EEA77AF7EE23
:10490800006A77EEA67A67EE277AC7ED077A00BFC6
:10491800344B9B6A03F48033002B17D0314B5B6B0D
:104928005B0A03F07F0307EE903AF8EE677AB7EE7A
:10493800007A37EE877AD7ED076AC6EE877AFCEEFB
:10494800E77A17EE902A7B681A6002E07B680022FB
:104958001A60244B9B6A03F40033002B17D0214BB9
:104968005B6B1B0C03F07F0307EE903AF8EE677A57
:10497800B7EE007A37EE877AD7ED076AC6EE877A00
:10498800FCEEE77A17EE902A7B685A6002E07B68B3
:1049980000225A60134B9B6A03F48023002B17D024
:1049A800104B5B6B1B0E03F07F0307EE903AF8EE9B
:1049B800677AB7EE007A37EE877AD7ED076AC6EEE0
:1049C800877AFCEEE77A17EE902A7B689A6002E015
:1049D8007B6800229A6000BF2437BD465DF8047BDF
:1049E800704700BF000C02460024744B00000046CC
:1049F800002F110880B489B000AF7860A64BDB6B3C
:104A0800C3F30803BB61A44BDB6A03F003037B61B8
:104A1800A14BDB6A1B0A03F00F0301333B619E4B7A
:104A2800DB6A1B0903F00103FB609B4B1B6CDB0873
:104A3800C3F30C03FA6802FB03F307EE903AF8EEAF
:104A4800677AC7ED027A7B69032B62D07B69032BF7
:104A580000F281807B69012B24D07B69022B7AD1FB
:104A68003B6907EE903AF8EE677ADFED8C6A86EEDE
:104A7800A77A894BDB6BC3F3080307EE903AF8EE8D
:104A8800676A97ED026ADFED865AC6EE257A76EEFA
:104A9800A77AF7EE006A77EEA67A67EE277AC7ED6F
:104AA800077A8FE07C4B9B6803F40003002B05D04A
:104AB800794B9B681B0F03F00F0306E0764BD3F886
:104AC800F4301B041B0F03F00F03764A52F823300F
:104AD80007EE903AF8EE676A3B6907EE903AF8EE0F
:104AE800677A86EEA77ABB6907EE903AF8EE676AAE
:104AF80097ED026ADFED6A5AC6EE257A76EEA77A56
:104B0800F7EE006A77EEA67A67EE277AC7ED077A9E
:104B180058E03B6907EE903AF8EE677ADFED5F6A96
:104B280086EEA77A5C4BDB6BC3F3080307EE903A7B
:104B3800F8EE676A97ED026ADFED595AC6EE257AF4
:104B480076EEA77AF7EE006A77EEA67A67EE277A0E
:104B5800C7ED077A36E0504B9B6803F40003002B3F
:104B680005D04D4B9B681B0F03F00F0306E04A4B23
:104B7800D3F8F4301B041B0F03F00F03494A52F813
:104B8800233007EE903AF8EE676A3B6907EE903AF1
:104B9800F8EE677A86EEA77ABB6907EE903AF8EEE8
:104BA800676A97ED026ADFED3E5AC6EE257A76EE21
:104BB800A77AF7EE006A77EEA67A67EE277AC7ED4E
:104BC800077A00BF344BDB6A03F48033002B17D01D
:104BD800314BDB6B5B0A03F07F0307EE903AF8EE8C
:104BE800677AB7EE007A37EE877AD7ED076AC6EEAE
:104BF800877AFCEEE77A17EE902A7B681A6002E063
:104C08007B6800221A60244BDB6A03F40033002B14
:104C180017D0214BDB6B1B0C03F07F0307EE903A98
:104C2800F8EE677AB7EE007A37EE877AD7ED076A3B
:104C3800C6EE877AFCEEE77A17EE902A7B685A6010
:104C480002E07B6800225A60134BDB6A03F480237E
:104C5800002B17D0104BDB6B1B0E03F07F0307EE06
:104C6800903AF8EE677AB7EE007A37EE877AD7EDA2
:104C7800076AC6EE877AFCEEE77A17EE902A7B6819
:104C88009A6002E07B6800229A6000BF2437BD4624
:104C98005DF8047B704700BF000C02460024744B8B
:104CA80000000046002F110880B489B000AF78607A
:104CB800A64B5B6CC3F30803BB61A44B1B6B03F0EF
:104CC80003037B61A14B1B6B1B0A03F00F0301332A
:104CD8003B619E4B1B6B1B0903F00103FB609B4B65
:104CE8009B6CDB08C3F30C03FA6802FB03F307EEC3
:104CF800903AF8EE677AC7ED027A7B69032B62D0A7
:104D08007B69032B00F281807B69012B24D07B69AE
:104D1800022B7AD13B6907EE903AF8EE677ADFED1D
:104D28008C6A86EEA77A894B5B6CC3F3080307EE9F
:104D3800903AF8EE676A97ED026ADFED865AC6EE9A
:104D4800257A76EEA77AF7EE006A77EEA67A67EE0E
:104D5800277AC7ED077A8FE07C4B9B6803F4000342
:104D6800002B05D0794B9B681B0F03F00F0306E05F
:104D7800764BD3F8F4301B041B0F03F00F03764A6D
:104D880052F8233007EE903AF8EE676A3B6907EE6F
:104D9800903AF8EE677A86EEA77ABB6907EE903A02
:104DA800F8EE676A97ED026ADFED6A5AC6EE257A71
:104DB80076EEA77AF7EE006A77EEA67A67EE277A9C
:104DC800C7ED077A58E03B6907EE903AF8EE677A44
:104DD800DFED5F6A86EEA77A5C4B5B6CC3F3080372
:104DE80007EE903AF8EE676A97ED026ADFED595AD6
:104DF800C6EE257A76EEA77AF7EE006A77EEA67AFF
:104E080067EE277AC7ED077A36E0504B9B6803F4C4
:104E18000003002B05D04D4B9B681B0F03F00F03BD
:104E280006E04A4BD3F8F4301B041B0F03F00F03C2
:104E3800494A52F8233007EE903AF8EE676A3B6920
:104E480007EE903AF8EE677A86EEA77ABB6907EE26
:104E5800903AF8EE676A97ED026ADFED3E5AC6EEC1
:104E6800257A76EEA77AF7EE006A77EEA67A67EEED
:104E7800277AC7ED077A00BF344B1B6B03F48033E6
:104E8800002B17D0314B5B6C5B0A03F07F0307EEF6
:104E9800903AF8EE677AB7EE007A37EE877AD7ED70
:104EA800076AC6EE877AFCEEE77A17EE902A7B68E7
:104EB8001A6002E07B6800221A60244B1B6B03F423
:104EC8000033002B17D0214B5B6C1B0C03F07F03C6
:104ED80007EE903AF8EE677AB7EE007A37EE877AFF
:104EE800D7ED076AC6EE877AFCEEE77A17EE902AC6
:104EF8007B685A6002E07B6800225A60134B1B6B88
:104F080003F48023002B17D0104B5B6C1B0E03F0AF
:104F18007F0307EE903AF8EE677AB7EE007A37EE3D
:104F2800877AD7ED076AC6EE877AFCEEE77A17EE3E
:104F3800902A7B689A6002E07B6800229A6000BF32
:104F48002437BD465DF8047B704700BF000C02465D
:104F58000024744B00000046002F110880B58EB065
:104F680000AFC7E90001D7E90023A2F580210B4370
:104F780045D1AA4BD3F8F03003F440733B63A74BF9
:104F8800D3F8F03003F00203022B08D13B6BB3F5E2
:104F9800807F04D14FF400437B6301F087B99F4BB6
:104FA800D3F8F03003F00063B3F1006F14D13B6B1A
:104FB800B3F5007F10D1994BD3F8F03003F080534C
:104FC800B3F1805F03D1FA237B6301F06FB94FF42B
:104FD800FA437B6301F06AB9904B1B6803F4003312
:104FE800B3F5003F07D13B6BB3F5407F03D18C4B42
:104FF8007B6301F05BB900237B6301F057B9D7E904
:105008000023A2F500510B4351D1844BD3F8E4306F
:1050180003F0E0033B633B6B802B35D03B6B802B6D
:1050280041D83B6B602B2AD03B6B602B3BD83B6B4A
:10503800402B09D03B6B402B35D83B6B002B0CD059
:105048003B6B202B12D02EE007F124031846FFF704
:1050580077FB7B6A7B6301F029B907F118031846CF
:10506800FFF7C8FCBB697B6301F020B907F10C03AB
:105078001846FFF719FEFB687B6301F017B94BF67A
:1050880080337B6301F012B9644B1B6803F48063BF
:10509800B3F5806F03D1634B7B6301F007B900233D
:1050A8007B6301F003B900237B6301F0FFB8D7E904
:1050B8000023A2F580410B4358D1584BD3F8E43074
:1050C80003F4E0633B633B6BB3F5806F3BD03B6B12
:1050D800B3F5806F46D83B6BB3F5407F2ED03B6B62
:1050E800B3F5407F3ED83B6BB3F5007F0BD03B6BED
:1050F800B3F5007F36D83B6B002B0DD03B6BB3F577
:10510800807F12D02EE007F124031846FFF718FB22
:105118007B6A7B6301F0CAB807F118031846FFF7EA
:1051280069FCBB697B6301F0C1B807F10C03184641
:10513800FFF7BAFDFB687B6301F0B8B84BF6803324
:105148007B6301F0B3B8354B1B6803F48063B3F598
:10515800806F03D1334B7B6301F0A8B800237B63D6
:1051680001F0A4B800237B6301F0A0B8D7E90023BD
:10517800A2F580110B436ED1284BD3F8E03003F031
:1051880040633B633B6BB3F1406F34D03B6BB3F18F
:10519800406F5CD83B6BB3F1006F0BD03B6BB3F146
:1051A800006F54D83B6B002B16D03B6BB3F1806F6C
:1051B80009D04CE007F124031846FFF7C1FABB6A8F
:1051C8007B6301F073B807F118031846FFF712FC68
:1051D800FB697B6301F06AB8104B1B6803F400534A
:1051E800B3F5005F03D1104B7B6301F05FB8002378
:1051F8007B6301F05BB8094B1B6803F02003202B8D
:1052080021D1064B9B6803F40003002B0ED0034BFF
:105218009B681B0E03F00F030FE000BF000C024653
:1052280020A107000024F400006CDC02A74BD3F88F
:10523800F4301B041B0E03F00F03A54A52F8233069
:105248007B6301F033B800237B6301F02FB80023A0
:105258007B6301F02BB8D7E90023A2F500110B43BB
:105268007FD19A4BD3F8E43003F480433B633B6B24
:10527800002B65D1954BD3F8E03003F040633B63D6
:105288003B6BB3F1406F34D03B6BB3F1406F53D8F5
:105298003B6BB3F1006F0BD03B6BB3F1006F4BD896
:1052A8003B6B002B16D03B6BB3F1806F09D043E00A
:1052B80007F124031846FFF743FABB6A7B6300F043
:1052C800F5BF07F118031846FFF794FBFB697B63EA
:1052D80000F0ECBF7D4B1B6803F40053B3F5005F8F
:1052E80003D17C4B7B6300F0E1BF00237B6300F0BC
:1052F800DDBF764B1B6803F02003202B18D1734BBE
:105308009B6803F40003002B05D0704B9B681B0EB1
:1053180003F00F0306E06D4BD3F8F4301B041B0EAB
:1053280003F00F036A4A52F823307B6300F0BEBFD4
:1053380000237B6300F0BABF00237B6300F0B6BF95
:105348003B6BB3F5804F08D107F124031846FFF7EC
:10535800F7F97B6A7B6300F0A9BF00237B6300F049
:10536800A5BFD7E90023511E0B4336D1574BD3F8BD
:10537800E03003F003033B633B6B002B04D1FEF7E3
:105388008DFB786300F092BF3B6B012B04D1FEF7D5
:1053980055FA786300F08ABF4C4B1B6803F48063AE
:1053A800B3F5806F06D13B6B022B03D14A4B7B636D
:1053B80000F07CBF454BD3F8F03003F00203022B1A
:1053C80007D13B6B032B04D14FF400437B6300F000
:1053D8006DBF00237B6300F069BFD7E90023911EEE
:1053E8000B4336D1394BD3F8E03003F00C033B6361
:1053F8003B6B002B04D1FEF73DFB786300F056BFF2
:105408003B6B042B04D1FEF719FA786300F04EBF0A
:105418002E4B1B6803F48063B3F5806F06D13B6B9A
:10542800082B03D12C4B7B6300F040BF274BD3F8EC
:10543800F03003F00203022B07D13B6B0C2B04D195
:105448004FF400437B6300F031BF00237B6300F01F
:105458002DBFD7E90023111F0B433FD11B4BD3F8B6
:10546800E03003F030033B633B6B002B04D1FEF7C5
:1054780001FB786300F01ABF3B6B102B04D1FEF7D9
:10548800DDF9786300F012BF104B1B6803F48063EA
:10549800B3F5806F06D13B6B202B03D10E4B7B639A
:1054A80000F004BF094BD3F8F03003F00203022BDD
:1054B80007D13B6B302B04D14FF400437B6300F0E2
:1054C800F5BE00237B6300F0F1BE00BF000C02466E
:1054D800002F1108006CDC020024F400D7E9002337
:1054E800A2F108010B4336D1A44BD3F8E03003F006
:1054F800C0033B633B6B002B04D1FEF7BBFA786318
:1055080000F0D4BE3B6B402B04D1FEF797F97863CB
:1055180000F0CCBE994B1B6803F48063B3F5806F31
:1055280006D13B6B802B03D1954B7B6300F0BEBE4D
:10553800924BD3F8F03003F00203022B07D13B6BF8
:10554800C02B04D14FF400437B6300F0AFBE0023AF
:105558007B6300F0ABBED7E90023A2F110010B4337
:1055680039D1864BD3F8E03003F440733B633B6B8F
:10557800002B04D1FEF77EFA786300F097BE3B6BF0
:10558800B3F5807F04D1FEF759F9786300F08EBE39
:105598007A4B1B6803F48063B3F5806F07D13B6BCC
:1055A800B3F5007F03D1764B7B6300F07FBE734B6E
:1055B800D3F8F03003F00203022B08D13B6BB3F5AC
:1055C800407F04D14FF400437B6300F06FBE00239B
:1055D8007B6300F06BBED7E90023A2F120010B43E7
:1055E80058D1664BD3F8E83003F007033B633B6BB5
:1055F800002B04D1FEF766FA786300F057BE3B6BC8
:10560800012B04D1FEF71AF9786300F04FBE5B4B0B
:105618001B6803F48063B3F5806F06D13B6B022BE4
:1056280003D1574B7B6300F041BE544BD3F8F030A5
:1056380003F00203022B07D13B6B032B04D14FF479
:1056480000437B6300F032BE4C4B1B6803F0200321
:10565800202B1BD13B6B042B18D1484B9B6803F4C0
:105668000003002B05D0454B9B681B0E03F00F036E
:1056780006E0424BD3F8F4301B041B0E03F00F0373
:10568800404A52F823307B6300F010BE00237B634E
:1056980000F00CBED7E90023A2F500410B4373D1FB
:1056A800364BD3F8E83003F4E0433B633B6BB3F588
:1056B800805F04D1FEF7C2F8786300F0F7BD3B6B5A
:1056C800B3F5005F08D107F118031846FFF792F900
:1056D8003B6A7B6300F0EABD3B6B002B04D1FEF70D
:1056E800AFF9786300F0E2BD3B6BB3F5A04F22D170
:1056F800224B1B6803F02003202B18D11F4B9B68FB
:1057080003F40003002B05D01C4B9B681B0E03F011
:105718000F0306E0194BD3F8F4301B041B0E03F0FB
:105728000F03184A52F823307B6300F0BFBD0023F3
:105738007B6300F0BBBD114B1B6803F40033B3F56A
:10574800003F07D13B6BB3F5405F03D10C4B7B6344
:1057580000F0ACBD094B1B6803F48063B3F5806FA0
:1057680007D13B6BB3F5804F03D1054B7B6300F04A
:105778009DBD00237B6300F099BD00BF000C02466D
:105788000024F400002F1108D7E90023A2F5803186
:105798000B4358D1AD4BD3F8E43003F007033B6318
:1057A8003B6B042B4BD801A252F823F0ED5710089D
:1057B800C9571008DB571008F75710080158100888
:1057C80007F124031846FEF7BBFF7B6A7B6300F0F2
:1057D8006DBD07F10C031846FFF766FA3B697B635A
:1057E80000F064BDFEF72CF9786300F05FBD4BF65E
:1057F80080337B6300F05ABD944B1B6803F0200391
:10580800202B18D1914B9B6803F40003002B05D083
:105818008E4B9B681B0E03F00F0306E08B4BD3F8EF
:10582800F4301B041B0E03F00F03894A52F823308F
:105838007B6300F03BBD00237B6300F037BD002392
:105848007B6300F033BDD7E90023A2F500310B4399
:1058580067D17E4BD3F8E83003F4E0233B633B6B1E
:10586800B3F5802F36D03B6BB3F5802F55D83B6B03
:10587800B3F5403F29D03B6BB3F5403F4DD83B6B68
:10588800B3F5003F13D03B6BB3F5003F45D83B6BF6
:10589800002B15D03B6BB3F5803F3ED107F12403B5
:1058A8001846FEF74DFF7B6A7B6300F0FFBC07F1EB
:1058B8000C031846FFF7F8F93B697B6300F0F6BC68
:1058C800FEF7BEF8786300F0F1BC4BF680337B63DB
:1058D80000F0ECBC5D4B1B6803F02003202B18D1B3
:1058E8005A4B9B6803F40003002B05D0574B9B6869
:1058F8001B0E03F00F0306E0544BD3F8F4301B04DF
:105908001B0E03F00F03524A52F823307B6300F05A
:10591800CDBC00237B6300F0C9BC00237B6300F08F
:10592800C5BCD7E90023A2F140010B434CD1474B3A
:10593800D3F8E03003F440633B633B6B002B04D1A6
:10594800FEF798F8786300F0B1BC3B6BB3F5806F55
:1059580004D1FDF773FF786300F0A8BC3B4B1B68CC
:1059680003F48063B3F5806F07D13B6BB3F5006F29
:1059780003D1384B7B6300F099BC344B1B6803F0B0
:105988002003202B1CD13B6BB3F5406F18D12F4B54
:105998009B6803F40003002B05D02C4B9B681B0E5F
:1059A80003F00F0306E0294BD3F8F4301B041B0E59
:1059B80003F00F03264A52F823307B6300F076BCCD
:1059C80000237B6300F072BCD7E90023A2F18001B9
:1059D8000B4352D11D4BD3F8E03003F440533B63E3
:1059E8003B6B002B04D1FEF745F8786300F05EBCF2
:1059F8003B6BB3F5805F04D1FDF720FF786300F0BF
:105A080055BC124B1B6803F48063B3F5806F07D154
:105A18003B6BB3F5005F03D10E4B7B6300F046BCD4
:105A28000A4B1B6803F02003202B22D13B6BB3F5F4
:105A3800405F1ED1054B9B6803F40003002B0BD07D
:105A4800024B9B681B0E03F00F030CE0000C024690
:105A5800002F11080024F400A14BD3F8F4301B04E4
:105A68001B0E03F00F039F4A52F823307B6300F0AC
:105A78001DBC00237B6300F019BCD7E90023A2F505
:105A880080710B4351D1964BD3F8E83003F0C00333
:105A98003B633B6BC02B24D03B6BC02B42D83B6B8A
:105AA800802B0DD03B6B802B3CD83B6B002B03D05D
:105AB8003B6B402B11D035E0FEF704F87863F5E333
:105AC800874B1B6803F48063B3F5806F02D1864B64
:105AD8007B63EBE300237B63E8E3FDF7AFFE7863CA
:105AE800E4E37F4B1B6803F02003202B17D17C4B8A
:105AF8009B6803F40003002B05D0794B9B681B0EB1
:105B080003F00F0306E0764BD3F8F4301B041B0EAA
:105B180003F00F03734A52F823307B63C6E3002374
:105B28007B63C3E300237B63C0E3D7E90023A2F5CB
:105B380080010B4347D16A4BD3F8E03003F440436C
:105B48003B633B6B002B03D1FDF794FF7863ADE318
:105B58003B6BB3F5804F03D1FDF770FE7863A5E387
:105B68005F4B1B6803F48063B3F5806F06D13B6B12
:105B7800B3F5004F02D15C4B7B6397E3584B1B682E
:105B880003F02003202B1BD13B6BB3F5404F17D1FB
:105B9800534B9B6803F40003002B05D0504B9B68C4
:105BA8001B0E03F00F0306E04D4BD3F8F4301B0433
:105BB8001B0E03F00F034B4A52F823307B6375E347
:105BC80000237B6372E3D7E90023A2F500610B434E
:105BD80064D1434BD3F8E83003F440733B633B6B29
:105BE800002B20D13E4B1B6803F02003202B17D13C
:105BF8003B4B9B6803F40003002B05D0384B9B6894
:105C08001B0E03F00F0306E0354BD3F8F4301B04EA
:105C18001B0E03F00F03334A52F823307B6345E32E
:105C280000237B6342E32E4BD3F8F03003F000638C
:105C3800B3F1006F12D13B6BB3F5807F0ED1284BC7
:105C4800D3F8F03003F08053B3F1805F02D1FA2328
:105C58007B632BE34FF4FA437B6327E3204B1B68FA
:105C680003F48063B3F5806F06D13B6BB3F5007F17
:105C780002D11D4B7B6319E3194BD3F8F03003F0C5
:105C88000203022B07D13B6BB3F5407F03D14FF4DE
:105C980000437B630AE300237B6307E3D7E9002320
:105CA800A2F500710B436BD10D4BD3F8E83003F428
:105CB80040633B633B6B002B27D1094B1B6803F008
:105CC8002003202B1ED1064B9B6803F40003002BF6
:105CD8000CD0034B9B681B0E03F00F030DE000BFB5
:105CE800000C0246002F11080024F400944BD3F84E
:105CF800F4301B041B0E03F00F03924A52F82330B2
:105D08007B63D3E200237B63D0E28D4BD3F8F03082
:105D180003F00063B3F1006F12D13B6BB3F5806FF2
:105D28000ED1874BD3F8F03003F08053B3F1805F86
:105D380002D1FA237B63B9E24FF4FA437B63B5E2FD
:105D48007F4B1B6803F48063B3F5806F06D13B6B10
:105D5800B3F5006F02D17C4B7B63A7E2784BD3F895
:105D6800F03003F00203022B07D13B6BB3F5406F11
:105D780003D14FF400437B6398E200237B6395E2F1
:105D8800D7E90023A2F580610B4347D16C4BD3F8C8
:105D9800E03003F440233B633B6B002B03D1FDF75A
:105DA80069FE786382E2664BD3F8F03003F0006353
:105DB800B3F1006F12D13B6BB3F5802F0ED1604B5E
:105DC800D3F8F03003F08053B3F1805F02D1FA23A7
:105DD8007B636BE24FF4FA437B6367E2584B1B68C3
:105DE80003F48063B3F5806F06D13B6BB3F5002FE6
:105DF80002D1554B7B6359E2514BD3F8F03003F095
:105E08000203022B07D13B6BB3F5402F03D14FF4AC
:105E180000437B634AE200237B6347E2D7E9002320
:105E280002F178410B432DD1454BD3F8E03003F014
:105E380040733B63424B1B6803F40033B3F5003FE8
:105E480005D13B6B002B02D13F4B7B632EE23B6BB2
:105E5800B3F1807F07D107F124031846FEF770FCE1
:105E6800BB6A7B6322E23B6BB3F1007F07D107F18A
:105E780018031846FEF7BEFDBB697B6316E20023D4
:105E88007B6313E2D7E90023A2F500010B435DD140
:105E98002B4BD3F8E03003F440133B633B6BB3F573
:105EA800401F28D03B6BB3F5401F45D83B6BB3F57B
:105EB800001F13D03B6BB3F5001F3DD83B6B002B85
:105EC80004D03B6BB3F5801F04D035E0FDF7E6FD49
:105ED8007863EBE1FDF7B2FC7863E7E1184B1B68E8
:105EE80003F48063B3F5806F02D1174B7B63DDE168
:105EF80000237B63DAE1124B1B6803F02003202B9D
:105F080017D10F4B9B6803F40003002B05D00C4BF3
:105F18009B681B0E03F00F0306E0094BD3F8F4301F
:105F28001B041B0E03F00F03064A52F823307B6351
:105F3800BCE100237B63B9E100237B63B6E100BFCA
:105F4800000C0246002F11080024F400D7E90023B2
:105F580002F17F410B4356D1A54BD3F8E03003F44F
:105F680040333B633B6BB3F5403F28D03B6BB3F505
:105F7800403F45D83B6BB3F5003F13D03B6BB3F5BF
:105F8800003F3DD83B6B002B04D03B6BB3F5803F03
:105F980004D035E0FDF76EFD786387E1FDF74EFC30
:105FA800786383E1924B1B6803F48063B3F5806FD9
:105FB80002D1904B7B6379E100237B6376E18C4BC4
:105FC8001B6803F02003202B17D1894B9B6803F42F
:105FD8000003002B05D0864B9B681B0E03F00F03B4
:105FE80006E0834BD3F8F4301B041B0E03F00F03B9
:105FF800814A52F823307B6358E100237B6355E1E3
:1060080000237B6352E1D7E9002302F17E410B4371
:1060180077D1774BD3F8E83003F018033B633B6B39
:10602800182B6BD801A252F823F000BF9960100812
:106038000561100805611008056110080561100860
:10604800056110080561100805611008A1601008B5
:106058000561100805611008056110080561100840
:10606800056110080561100805611008A96010088D
:106078000561100805611008056110080561100820
:10608800056110080561100805611008C360100853
:10609800FDF718FD786309E1FDF7D0FB786305E1AA
:1060A800534B1B6803F48063B3F5806F02D1514BE7
:1060B8007B63FBE000237B63F8E04D4B1B6803F038
:1060C8002003202B17D14A4B9B6803F40003002BB5
:1060D80005D0474B9B681B0E03F00F0306E0444BAB
:1060E800D3F8F4301B041B0E03F00F03424A52F896
:1060F80023307B63DAE000237B63D7E000237B63F4
:10610800D4E0D7E9002302F17C410B4355D1384B49
:10611800D3F8E43003F440133B633B6BB3F5401F03
:1061280013D03B6BB3F5401F44D83B6BB3F5001F4E
:1061380013D03B6BB3F5001F3CD83B6B002B14D03E
:106148003B6BB3F5801F14D034E007F118031846F1
:10615800FEF750FCFB697B63A8E007F124031846AF
:10616800FEF7EEFABB6A7B63A0E0FDF767FB786396
:106178009CE01F4B1B6803F02003202B17D11C4BFE
:106188009B6803F40003002B05D0194B9B681B0E7A
:1061980003F00F0306E0164BD3F8F4301B041B0E74
:1061A80003F00F03144A52F823307B637EE0002388
:1061B8007B637BE000237B6378E0D7E9002302F16F
:1061C80070410B4338D10A4BD3F8E83003F400434D
:1061D8003B63074BD3F8F03003F00203022B0DD1D9
:1061E8003B6B002B0AD14FF400437B635EE000BF9A
:1061F800000C02460024F400002F11082E4BD3F89F
:10620800F03003F00063B3F1006F12D13B6BB3F5CC
:10621800004F0ED1284BD3F8F03003F08053B3F180
:10622800805F02D1FA237B6340E04FF4FA437B633B
:106238003CE000237B6339E0D7E90023A2F5002185
:106248000B4331D11C4BD3F8E43003F440533B6388
:10625800194B1B6803F40053B3F5005F05D13B6B82
:10626800002B02D1154B7B6320E0134B1B6803F412
:106278000053B3F5005F06D13B6BB3F5805F02D1E5
:106288000F4B7B6312E00C4B1B6803F48063B3F580
:10629800806F06D13B6BB3F5005F02D1094B7B637E
:1062A80004E000237B6301E000237B637B6B1846DB
:1062B8003837BD4680BD00BF000C0246006CDC02CA
:1062C80000366E010024F40080B584B000AF786019
:1062D800474B1B68464A23F080631360FBF706FCB4
:1062E800F86008E0FBF702FC0246FB68D31A022BB1
:1062F80001D9032377E03E4B1B6803F00063002BB2
:10630800F0D13B4BDB6A23F4706323F003037A6814
:1063180011687A685268013A12020A4334491343F1
:10632800CB62334BDA6B334B13407A689268013A8D
:10633800C2F308017A68D268013A520292B2114354
:106348007A681269013A120402F4FE0211437A686B
:106358005269013A120602F0FE420A4324491343E5
:10636800CB63234BDB6A23F00C027B689B692049D3
:106378001343CB621E4BDA6A7B681B6A1C491343C2
:10638800CB621B4BDB6A1A4A23F01003D362184B0B
:106398001B6C23F47F4323F0F8037A68D269D20098
:1063A800134913430B64124BDB6A114A43F0100381
:1063B800D3620F4B1B680E4A43F080631360FBF7F0
:1063C80095FBF86008E0FBF791FB0246FB68D31ADF
:1063D800022B01D9032306E0054B1B6803F0006379
:1063E800002BF0D0002318461037BD4680BD00BFF3
:1063F800000C02460000808080B584B000AF786051
:10640800474B1B68464A23F080531360FBF76EFB2B
:10641800F86008E0FBF76AFB0246FB68D31A022B18
:1064280001D9032377E03E4B1B6803F00053002B90
:10643800F0D13B4B1B6B23F4706323F003037A68A2
:1064480011687A685268013A12020A4334491343C0
:106458000B63334B5A6C334B13407A689268013A9A
:10646800C2F308017A68D268013A520292B2114323
:106478007A681269013A120402F4FE0211437A683A
:106488005269013A120602F0FE420A4324491343B4
:106498004B64234B1B6B23F00C027B689B692049E0
:1064A80013430B631E4B1A6B7B681B6A1C4913430F
:1064B8000B631B4B1B6B1A4A23F010031363184B17
:1064C8009B6C23F47F4323F0F8037A68D269D200E7
:1064D800134913438B64124B1B6B114A43F010038F
:1064E80013630F4B1B680E4A43F080531360FBF78E
:1064F800FDFAF86008E0FBF7F9FA0246FB68D31AE0
:10650800022B01D9032306E0054B1B6803F0005357
:10651800002BF0D0002318461037BD4680BD00BFC1
:10652800000C02460000808080B489B000AF78601B
:10653800396000237B617B683B61C2E13B681A6874
:1065480001217B6901FA03F31340FB607B69BB619E
:10655800FB68002B00F0B2817B68554A93425DD1FD
:106568007B681B68FB6101227B6902FA03F3DB434A
:10657800FA691340FB613B685B6803F001027B69C1
:1065880002FA03F3FA691343FB617B68FA691A603C
:10659800484A7B6952F833303B61464A7B69DB00E5
:1065A80013445B68BB61BB69DA083B69083253F87E
:1065B8002230FB61BB6903F007039B000F2202FA3C
:1065C80003F3DB43FA691340FB61BB6903F007037C
:1065D8009B000B2202FA03F3FA691343FB61BB69C0
:1065E800DA083B690832F96943F822103B691B68ED
:1065F800FB61BB695B00032202FA03F3DB43FA6920
:106608001340FB61BB695B00022202FA03F3FA69DB
:106618001343FB613B69FA691A6067E03B685B6892
:10662800022B03D03B685B68122B45D17B69DA08E3
:106638007B68083253F82230FB617B6903F007035B
:106648009B000F2202FA03F3DB43FA691340FB6154
:106658003B681B6903F00F027B6903F007039B008B
:1066680002FA03F3FA691343FB617B69DA087B6872
:106678000832F96943F822103B691B68FB61BB6962
:106688005B00032202FA03F3DB43FA691340FB6160
:106698003B685B6803F00302BB695B0002FA03F323
:1066A800FA691343FB613B69FA691A601EE000BF8F
:1066B80000000246402F11083B691B68FB61BB695B
:1066C8005B00032202FA03F3DB43FA691340FB6120
:1066D8003B685B6803F00302BB695B0002FA03F3E3
:1066E800FA691343FB613B69FA691A603B685B68A6
:1066F800012B0BD03B685B68022B07D03B685B68BB
:10670800112B03D03B685B68122B30D13B699B6827
:10671800FB61BB695B00032202FA03F3DB43FA69FE
:106728001340FB613B68DA68BB695B0002FA03F35C
:10673800FA691343FB613B69FA699A603B695B68D4
:10674800FB610122BB6902FA03F3DB43FA691340D8
:10675800FB613B685B681B0903F00102BB6902FA35
:1067680003F3FA691343FB613B69FA695A603B68B2
:106778005B68032B07D13B685B68032B1BD13B6825
:106788009B68012B17D03B69DB68FB61BB695B0029
:10679800032202FA03F3DB43FA691340FB613B6807
:1067A8009A68BB695B0002FA03F3FA691343FB6159
:1067B8003B69FA69DA603B685B6803F08053002B39
:1067C8007CD0474A7B699B08183352F82330FB6119
:1067D8007B6903F00303DB000F2202FA03F3DB43B8
:1067E800FA691340FB617B689A0A3E4B13407A6949
:1067F80002F00302D2009340FA691343FB6138495F
:106808007B699B081833FA6941F82320344B1B68CD
:10681800FB61FB68DB43FA691340FB613B685B681B
:1068280003F48013002B03D0FA69FB681343FB6160
:106838002B4AFB6913602A4B5B68FB61FB68DB43EF
:10684800FA691340FB613B685B6803F40013002B93
:1068580003D0FA69FB681343FB61214AFB69536063
:106868001F4BD3F88430FB61FB68DB43FA691340A4
:10687800FB613B685B6803F40033002B03D0FA69C3
:10688800FB681343FB61164AFB69C2F88430144B5A
:10689800D3F88030FB61FB68DB43FA691340FB6186
:1068A8003B685B6803F48033002B03D0FA69FB680C
:1068B8001343FB610A4AFB69C2F880307B690133E4
:1068C8007B613B681A687B6922FA03F3002B7FF42B
:1068D80035AE00BF00BF2437BD465DF8047B704766
:1068E800002002467F7F2F0080B483B000AF78601D
:1068F8000B467B8013467B707B78002B03D07A880D
:106908007B689A6102E07A887B689A6200BF0C37DC
:10691800BD465DF8047B704780B485B000AF7860F1
:10692800394BDB6B03F44033BB60BA687B689A422F
:106938000BD17B68B3F5803F05D9334BDB68324A0E
:1069480043F48023D360002357E07B68B3F5803F8E
:106958000AD92D4BDB6823F4E0227B6813432A4ACB
:1069680043F48023D36007E0274BDB6823F4E0225D
:1069780025497B681343CB60244B1B68244AA2FB40
:1069880003239B09322202FB03F3214AA2FB0323C0
:106998009B090133FB6002E0FB68013BFB601A4B7B
:1069A800DB6803F40043002B02D1FB68002BF3D112
:1069B800FB68002B1BD0154B1B68154AA2FB032351
:1069C8009B09322202FB03F3114AA2FB03239B0912
:1069D8000133FB6002E0FB68013BFB600A4BDB6BA9
:1069E80003F40043002B02D1FB68002BF3D1FB68B2
:1069F800002B01D1032300E0002318461437BD46BD
:106A08005DF8047B704700BF0008024600000420C0
:106A1800D34D621080B400AF044BDB6B03F44033FA
:106A28001846BD465DF8047B704700BF0008024663
:106A380080B582B000AF78607B68002B01D101235C
:106A480042E07B68D3F88830002B06D17B680022AF
:106A580083F88420786801F047FF7B682422C3F814
:106A680088207B681B681A687B681B6822F0010213
:106A78001A607B689B6A002B02D0786800F068FD7A
:106A8800786800F0C3FB0346012B01D101231BE00A
:106A98007B681B685A687B681B6822F490425A60BE
:106AA8007B681B689A687B681B6822F02A029A60D8
:106AB8007B681B681A687B681B6842F001021A60D1
:106AC800786800F0E7FD034618460837BD4680BDE4
:106AD80080B58AB002AFF860B9603B601346FB80AE
:106AE800FB68D3F88830202B40F09580BB68002BDA
:106AF80002D0FB88002B01D101238DE0FB681B68C5
:106B08009B6803F08003802B07D1FB681B689A6899
:106B1800FB681B6822F080029A60FB680022C3F8B9
:106B28009020FB682122C3F88820FAF7DFFF7861FC
:106B3800FB68FA88A3F85420FB68FA88A3F8562063
:106B4800FB689B68B3F5805F08D1FB681B69002B65
:106B580004D10023FB61BB68BB6103E0BB68FB6138
:106B68000023BB613AE03B6800937B6900228021E7
:106B7800F86800F039FE0346002B05D0FB68202298
:106B8800C3F88820032347E0FB69002B0BD1BB69BE
:106B98001B881A46FB681B68C2F308029A62BB6925
:106BA8000233BB6107E0FB691A78FB681B689A62CD
:106BB800FB690133FB61FB68D3F8883003F02103DC
:106BC800212B09D1FB68B3F856309BB2013B9AB22E
:106BD800FB68A3F8562001E001231DE0FB68B3F829
:106BE80056309BB2002BBED13B6800937B690022D4
:106BF8004021F86800F0F8FD0346002B05D0FB683B
:106C08002022C3F88820032306E0FB682022C3F86B
:106C18008820002300E0022318462037BD4680BDA7
:106C280080B5AEB000AF78607B681B68DB69C7F8D9
:106C3800B4307B681B681B68C7F8B0307B681B687A
:106C48009B68C7F8AC30D7F8B42040F60F03134060
:106C5800C7F8A830D7F8A830002B1BD1D7F8B43024
:106C680003F02003002B15D0D7F8B03003F0200331
:106C7800002B05D1D7F8AC3003F08053002B09D096
:106C88007B685B6F002B00F097827B685B6F78688E
:106C9800984791E2D7F8A830002B00F0FD80D7F88C
:106CA800AC207A4B1340002B06D1D7F8B020784B94
:106CB8001340002B00F0F080D7F8B43003F0010344
:106CC800002B11D0D7F8B03003F48073002B0BD011
:106CD8007B681B6801221A627B68D3F8903043F006
:106CE80001027B68C3F89020D7F8B43003F00203A0
:106CF800002B11D0D7F8AC3003F00103002B0BD0D8
:106D08007B681B6802221A627B68D3F8903043F0D4
:106D180004027B68C3F89020D7F8B43003F004036A
:106D2800002B11D0D7F8AC3003F00103002B0BD0A7
:106D38007B681B6804221A627B68D3F8903043F0A2
:106D480002027B68C3F89020D7F8B43003F0080338
:106D5800002B17D0D7F8B03003F02003002B05D153
:106D6800D7F8AC20494B1340002B0BD07B681B682D
:106D780008221A627B68D3F8903043F008027B68D7
:106D8800C3F89020D7F8B43003F40063002B12D076
:106D9800D7F8B03003F08063002B0CD07B681B68F9
:106DA8004FF400621A627B68D3F8903043F02002F7
:106DB8007B68C3F890207B68D3F89030002B00F0F4
:106DC800FD81D7F8B43003F02003002B13D0D7F897
:106DD800B03003F02003002B05D1D7F8AC3003F016
:106DE8008053002B07D07B685B6F002B03D07B6838
:106DF8005B6F786898477B68D3F89030C7F8A43001
:106E08007B681B689B6803F04003402B05D0D7F8CC
:106E1800A43003F02803002B2ED0786800F08BFEF6
:106E28007B681B689B6803F04003402B20D17B687C
:106E3800D3F88030002B17D07B68D3F88030154A00
:106E4800DA667B68D3F880301846FAF7A1F803466B
:106E5800002B19D07B68D3F88030DB6E7A68D2F8C3
:106E68008020104698470FE0786801F0DFF90BE0C2
:106E7800786801F0DBF907E0786801F0D7F97B68FA
:106E88000022C3F8902099E100BF97E101000010AB
:106E980020010004157E10087B68DB6E012B40F092
:106EA8004281D7F8B43003F01003002B00F03B8187
:106EB800D7F8B03003F01003002B00F034817B6862
:106EC8001B6810221A627B681B689B6803F04003EA
:106ED800402B40F0AA807B68D3F880301B689B6CFD
:106EE800A7F89230B7F89230002B00F084807B68C6
:106EF800B3F85C30B7F892209A427CD27B68B7F836
:106F08009220A3F85E207B68D3F880301B6D812B1C
:106F180060D07B681B687B677B6F53E8003F3B67EB
:106F28003B6F23F48073C7F88C307B681B681A4664
:106F3800D7F88C30C7F88030FA67F96FD7F8802017
:106F480041E80023BB67BB6F002BE2D17B681B685D
:106F580008333B663B6E53E8003FFB65FB6D23F04F
:106F68000103C7F888307B681B680833D7F8882086
:106F7800FA66BB66B96EFA6E41E800237B667B6EE3
:106F8800002BE3D17B682022C3F88C207B68002289
:106F9800DA667B681B68FB64FB6C53E8003FBB64E4
:106FA800BB6C23F01003C7F884307B681B681A4653
:106FB800D7F88430BB657A65796DBA6D41E80023EE
:106FC8003B653B6D002BE4D17B68D3F880301846D5
:106FD800F9F762FF7B6802221A677B68B3F85C20C6
:106FE8007B68B3F85E309BB2D31A9BB219467868B7
:106FF80001F0E4F8E4E07B68B3F85C30B7F892207D
:107008009A4240F0DD807B68D3F880301B6D812B7D
:1070180040F0D6807B6802221A677B68B3F85C3040
:107028001946786801F0CAF8CAE07B68B3F85C20B2
:107038007B68B3F85E309BB2D31AA7F8A2307B689E
:10704800B3F85E309BB2002B00F0BC80B7F8A230DA
:10705800002B00F0B7807B681B68BB63BB6B53E8F1
:10706800003F7B637B6B23F49073C7F89C307B688D
:107078001B681A46D7F89C307B643A64396C7A6C82
:1070880041E80023FB63FB6B002BE4D17B681B68A2
:1070980008337B627B6A53E8003F3B623B6A23F01C
:1070A800805323F00103C7F898307B681B680833C6
:1070B800D7F898203A63FB62F96A3A6B41E80023F3
:1070C800BB62BB6A002BE1D17B682022C3F88C200D
:1070D8007B680022DA667B6800225A677B681B6837
:1070E8003B613B6953E8003FFB60FB6823F01003FA
:1070F800C7F894307B681B681A46D7F89430FB6150
:10710800BA61B969FA6941E800237B617B69002BA0
:10711800E4D17B6802221A67B7F8A230194678686A
:1071280001F04CF84EE0D7F8B43003F08003002BA0
:1071380014D0D7F8B03003F08003002B05D1D7F86E
:10714800AC3003F40003002B08D07B689B6F002B46
:107158003AD07B689B6F7868984735E0D7F8B430A9
:1071680003F04003002B09D0D7F8B03003F04003F8
:10717800002B03D0786800F057FE26E0D7F8B4302B
:1071880003F40003002B09D0D7F8B03003F0804394
:10719800002B03D0786800F07CFE16E0D7F8B430F6
:1071A80003F08073002B10D0D7F8B030002B0CDA26
:1071B800786800F064FE08E000BF06E000BF04E065
:1071C80000BF02E000BF00E000BFB837BD4680BD89
:1071D80080B483B000AF786000BF0C37BD465DF85F
:1071E800047B704780B483B000AF786000BF0C3771
:1071F800BD465DF8047B704780B483B000AF78600B
:1072080000BF0C37BD465DF8047B70472DE9B04FD1
:1072180094B000AFF862002387F84730FB6A1A6819
:107228007E4B9A42FB6A9A68FB6A1B691A43FB6A9F
:107238005B691A43FB6ADB691343FB64FB6A1B68DF
:107248001B6877491940FB6A1A68FB6C0B4313608B
:10725800FB6A1B685B6823F44050FB6AD968FB6AC9
:107268001A6840EA01035360FB6A9B69FB64FB6A86
:107278001A686A4B9A4209D0FB6A1A68694B9A42A3
:1072880004D0FB6A1A6AFB6C1343FB64FB6A1B6835
:107298009B6823F06E4121F43061FB6A1A68FB6C2D
:1072A8000B439360FB6A1B68DB6A23F00F00FB6AE1
:1072B800596AFB6A1A6840EA0103D362FB6A1A68D2
:1072C800594B9A4202D10123BB6429E0FB6A1A6830
:1072D800564B9A4202D10223BB6421E0FB6A1A682A
:1072E800534B9A4202D10423BB6419E0FB6A1A6823
:1072F800504B9A4202D10823BB6411E0FB6A1A681A
:107308004D4B9A4202D11023BB6409E0FB6A1A680C
:10731800424B9A4202D12023BB6401E00023BB64A4
:10732800FB6A1A683D4B9A4205D0FB6A1A683D4BC6
:107338009A4240F08580BB6C00223B627A62D7E9B2
:107348000801FDF70BFE38643B6C002B00F0E88069
:10735800FB6A5B6A394A32F813301A463B6CB3FB56
:10736800F2F37B63FB6A5A6813465B0013447A6B3B
:107378009A4205D3FB6A5B681B037A6B9A4203D96E
:10738800012387F8473048E03B6C0022BB61FA6173
:10739800FB6A5B6A294A32F813309BB200223B61D0
:1073A8007A61D7E90423D7E90601F9F76FF80246AD
:1073B8000B46104619464FF000024FF000030B022F
:1073C80043EA10630202F96A4968490800200C463A
:1073D800054612EB040843EB0509FB6A5B680022CB
:1073E800BB60FA60D7E9022340464946F9F74EF8F0
:1073F80002460B461346FB63FB6BB3F5407F08D38D
:10740800FB6BB3F5801F04D2FB6A1B68FA6BDA606A
:1074180003E0012387F8473082E081E0002400463A
:10742800F369FFCF002400560038014000440040B3
:1074380000480040004C004000500040C02F110898
:10744800FB6ADB69B3F5004F3CD1BB6C00223B60A3
:107458007A60D7E90001FDF781FD38643B6C002BA9
:107468005ED0FB6A5B6A394A32F813301A463B6CC5
:10747800B3FBF2F35A00FB6A5B685B081A44FB6AC9
:107488005B68B2FBF3F3FB63FB6B0F2B16D9FB6B4B
:10749800B3F5803F12D2FB6B9BB223F00F037B87BF
:1074A800FB6B5B089BB203F007039AB27B8F134315
:1074B8007B87FB6A1B687A8FDA6031E0012387F8E3
:1074C80047302DE0BB6C00229A46934650465946F9
:1074D800FDF744FD38643B6C002B21D0FB6A5B6AE6
:1074E8001A4A32F813301A463B6CB3FBF2F2FB6AC5
:1074F8005B685B081A44FB6A5B68B2FBF3F3FB63E7
:10750800FB6B0F2B09D9FB6BB3F5803F05D2FB6BE7
:107518009AB2FB6A1B68DA6002E0012387F84730F9
:10752800FB6A0122A3F86A20FB6A0122A3F86820FB
:10753800FB6A00225A67FB6A00229A6797F847306D
:1075480018465037BD46BDE8B08F00BFC02F1108A0
:1075580080B483B000AF78607B689B6A03F008034F
:10756800002B0AD07B681B685B6823F400417B68AA
:107578009A6B7B681B680A435A607B689B6A03F0B6
:107588000103002B0AD07B681B685B6823F4003179
:107598007B68DA6A7B681B680A435A607B689B6A67
:1075A80003F00203002B0AD07B681B685B6823F496
:1075B80080317B681A6B7B681B680A435A607B685A
:1075C8009B6A03F00403002B0AD07B681B685B6886
:1075D80023F480217B685A6B7B681B680A435A60D6
:1075E8007B689B6A03F01003002B0AD07B681B683A
:1075F8009B6823F480517B68DA6B7B681B680A43BD
:107608009A607B689B6A03F02003002B0AD07B6892
:107618001B689B6823F400517B681A6C7B681B68A5
:107628000A439A607B689B6A03F04003002B1AD0D8
:107638007B681B685B6823F480117B685A6C7B68E5
:107648001B680A435A607B685B6CB3F5801F0AD1DC
:107658007B681B685B6823F4C0017B689A6C7B6855
:107668001B680A435A607B689B6A03F08003002BFF
:107678000AD07B681B685B6823F400217B68DA6C9E
:107688007B681B680A435A6000BF0C37BD465DF82B
:10769800047B704780B598B002AF78607B680022A1
:1076A800C3F89020FAF722FA78657B681B681B6894
:1076B80003F00803082B2FD16FF07E4300937B6DF6
:1076C80000224FF40011786800F08EF80346002B72
:1076D80022D07B681B68BB63BB6B53E8003F7B63AE
:1076E8007B6B23F080033B657B681B681A463B6D08
:1076F8007B643A64396C7A6C41E80023FB63FB6B6A
:10770800002BE6D17B682022C3F888207B68002202
:1077180083F88420032363E07B681B681B6803F0FD
:107728000403042B49D16FF07E4300937B6D002244
:107738004FF48001786800F057F80346002B3CD0DE
:107748007B681B687B627B6A53E8003F3B623B6A4D
:1077580023F49073FB647B681B681A46FB6C3B63DD
:10776800FA62F96A3A6B41E80023BB62BB6A002BF4
:10777800E6D17B681B6808333B613B6953E8003FEF
:10778800FB60FB6823F00103BB647B681B6808335C
:10779800BA6CFA61BB61B969FA6941E800237B6197
:1077A8007B69002BE5D17B682022C3F88C207B689D
:1077B800002283F88420032312E07B682022C3F888
:1077C80088207B682022C3F88C207B680022DA6638
:1077D8007B6800221A677B68002283F884200023D4
:1077E80018465837BD4680BD80B584B000AFF860F4
:1077F800B9603B601346FB714FE0BB69B3F1FF3FD3
:107808004BD0FAF773F902463B68D31ABA699A4221
:1078180002D3BB69002B01D103234EE0FB681B6830
:107828001B6803F00403002B37D0BB68802B34D0CF
:10783800BB68402B31D0FB681B68DB6903F0080389
:10784800082B10D1FB681B6808221A62F86800F040
:1078580072F9FB680822C3F89020FB68002283F8BD
:107868008420012329E0FB681B68DB6903F40063BB
:10787800B3F5006F11D1FB681B684FF400621A6200
:10788800F86800F058F9FB682022C3F89020FB68DC
:10789800002283F8842003230FE0FB681B68DA6961
:1078A800BB681340BA689A420CBF01230023DBB2BD
:1078B8001A46FB799A42A0D0002318461037BD46D5
:1078C80080BD000080B598B000AFF860B96013467D
:1078D800FB80FB88A7F85C30FB68BA689A65FB6890
:1078E800FA88A3F85C20FB680022C3F89020FB68A4
:1078F8002222C3F88C20FB68D3F88030002B7CD080
:10790800FB68D3F88030684A1A66FB68D3F8803081
:10791800664A5A66FB68D3F88030654A9A66FB68FF
:10792800D3F880300022DA66FB689B68B3F5805F85
:1079380007D1FB681B69002B03D1FB885B00A7F804
:107948005C30FB68D3F880301B6D03F08003002B9C
:1079580034D0FB68D3F880305B6F002B2AD0FB68EB
:10796800D3F880305B6F1B68002B23D0FB68D3F8FB
:1079780080305B6F1B68B7F85C209A60FB681B68F7
:1079880003F12402FB68D3F880305B6F1B68DA6070
:10799800FB689A6DFB68D3F880305B6F1B681A61CF
:1079A800FB68D3F880301846F9F722FF034687F8BA
:1079B8005F3014E0012387F85F3010E0FB68D3F8EC
:1079C8008000FB681B6824331946FB689B6D1A46C8
:1079D800B7F85C30F9F700FA034687F85F3097F894
:1079E8005F30002B09D0FB681022C3F89020FB6899
:1079F8002022C3F88C20012351E0FB681B69002B6F
:107A080018D0FB681B683B643B6C53E8003FFB6382
:107A1800FB6B43F48073BB65FB681B681A46BB6D40
:107A2800FB64BA64B96CFA6C41E800237B647B6C34
:107A3800002BE6D1FB681B680833FB62FB6A53E83E
:107A4800003FBB62BB6A43F001037B65FB681B68B0
:107A580008337A6DBA637B63796BBA6B41E80023AC
:107A68003B633B6B002BE5D1FB681B680833BB61AC
:107A7800BB6953E8003F7B617B6943F040033B658A
:107A8800FB681B6808333A6D7A623B62396A7A6A26
:107A980041E80023FB61FB69002BE5D10023184670
:107AA8006037BD4680BD00BF0B7C1008337D1008D1
:107AB800A57D100880B48FB000AF78607B681B6824
:107AC8003B623B6A53E8003FFB61FB6923F0C0035C
:107AD8007B637B681B681A467B6BFB62BA62B96A78
:107AE800FA6A41E800237B627B6A002BE6D17B6857
:107AF8001B680833FB60FB6853E8003FBB60BB684A
:107B080023F400033B637B681B6808333A6BBA6154
:107B18007B617969BA6941E800233B613B69002BC5
:107B2800E5D17B682022C3F8882000BF3C37BD46DA
:107B38005DF8047B704780B495B000AF78607B68CF
:107B48001B687B637B6B53E8003F3B633B6B23F411
:107B58009073FB647B681B681A46FB6C3B64FA6392
:107B6800F96B3A6C41E80023BB63BB6B002BE6D191
:107B78007B681B6808333B623B6A53E8003FFB6144
:107B8800FB6923F0805323F00103BB647B681B6807
:107B98000833BA6CFA62BB62B96AFA6A41E8002330
:107BA8007B627B6A002BE3D17B68DB6E012B18D1EB
:107BB8007B681B68FB60FB6853E8003FBB60BB68E1
:107BC80023F010037B647B681B681A467B6CBB61DF
:107BD8007A617969BA6941E800233B613B69002B06
:107BE800E6D17B682022C3F88C207B680022DA6605
:107BF8007B6800225A6700BF5437BD465DF8047B96
:107C0800704780B596B000AF78607B68DB6D7B65A8
:107C18007B681B6D812B57D07B6D0022A3F85E20FB
:107C28007B6D1B687B637B6B53E8003F3B633B6B5F
:107C380023F480733B657B6D1B681A463B6D3B6480
:107C4800FA63F96B3A6C41E80023BB63BB6B002B0A
:107C5800E6D17B6D1B6808333B623B6A53E8003F03
:107C6800FB61FB6923F00103FB647B6D1B68083330
:107C7800FA6CFA62BB62B96AFA6A41E800237B626D
:107C88007B6A002BE5D17B6D2022C3F88C207B6DAD
:107C9800DB6E012B18D17B6D1B68FB60FB6853E81A
:107CA800003FBB60BB6823F01003BB647B6D1B689F
:107CB8001A46BB6CBB617A617969BA6941E80023ED
:107CC8003B613B69002BE6D17B6D00221A677B6D17
:107CD800DB6E012B22D17B6D0022A3F85E207B682E
:107CE8001B689B6CA7F846307B6DB3F85C30B7F81F
:107CF80046209A4204D27B6DB7F84620A3F85E204E
:107D08007B6DB3F85C207B6DB3F85E309BB2D31A01
:107D18009BB21946786D00F051FA02E0786DFFF7D2
:107D280061FA00BF5837BD4680BD80B584B000AF4A
:107D380078607B68DB6DFB60FB6801221A67FB6873
:107D4800DB6E012B23D1FB68B3F85C305B089AB279
:107D5800FB68A3F85E207B681B689B6C7B81FB68D3
:107D6800B3F85C307A899A4203D8FB687A89A3F819
:107D78005E20FB68B3F85C20FB68B3F85E309BB20A
:107D8800D31A9BB21946F86800F018FA02E0F868AE
:107D9800FFF732FA00BF1037BD4680BD80B586B008
:107DA80000AF78607B68DB6D7B617B69D3F88830D6
:107DB8003B617B69D3F88C30FB607B691B689B68EF
:107DC80003F08003802B05D13B69212B02D1786910
:107DD800FFF770FE7B691B689B6803F04003402B2C
:107DE80005D1FB68222B02D17869FFF7A4FE7B69D5
:107DF800D3F8903043F010027B69C3F8902078697B
:107E080000F014FA00BF1837BD4680BD80B584B0B5
:107E180000AF78607B68DB6DFB60F86800F006FAFD
:107E280000BF1037BD4680BD80B588B000AF786010
:107E38007B681B68FB60FB6853E8003FBB60BB685E
:107E480023F04003FB617B681B681A46FB69BB6132
:107E58007A617969BA6941E800233B613B69002B83
:107E6800E6D17B682022C3F888207B6800229A67C5
:107E78007868FFF7ADF900BF2037BD4680BD80B4F4
:107E880083B000AF786000BF0C37BD465DF8047B57
:107E9800704780B483B000AF786000BF0C37BD4630
:107EA8005DF8047B704780B485B000AF78607B686C
:107EB80093F88430012B01D1022327E07B6801224B
:107EC80083F884207B682422C3F888207B681B6899
:107ED8001B68FB607B681B681A687B681B6822F05C
:107EE80001021A60FB6823F00053FB607B680022E4
:107EF8005A667B681B68FA681A607B682022C3F898
:107F080088207B68002283F88420002318461437D1
:107F1800BD465DF8047B704780B584B000AF7860DB
:107F280039607B6893F88430012B01D102232DE05E
:107F38007B68012283F884207B682422C3F8882088
:107F48007B681B681B68FB607B681B681A687B681A
:107F58001B6822F001021A607B681B689B6823F08B
:107F680060417B681B683A680A439A60786800F049
:107F7800A3F87B681B68FA681A607B682022C3F83C
:107F880088207B68002283F8842000231846103755
:107F9800BD4680BD80B584B000AF786039607B682D
:107FA80093F88430012B01D102232DE07B68012254
:107FB80083F884207B682422C3F888207B681B68A8
:107FC8001B68FB607B681B681A687B681B6822F06B
:107FD80001021A607B681B689B6823F060617B68FC
:107FE8001B683A680A439A60786800F065F87B680D
:107FF8001B68FA681A607B682022C3F888207B68AF
:10800800002283F88420002318461037BD4680BD1F
:1080180080B58CB000AFF860B9601346FB80FB6890
:10802800D3F88C30202B42D1BB68002B02D0FB88C0
:10803800002B01D101233BE0FB680122DA66FB68D3
:1080480000221A67FB881A46B968F868FFF73AFCF5
:10805800034687F82F3097F82F30002B24D1FB6880
:10806800DB6E012B1DD1FB681B6810221A62FB68AE
:108078001B68BB61BB6953E8003F7B617B6943F0C8
:108088001003BB62FB681B681A46BB6A7B623A62D4
:10809800396A7A6A41E80023FB61FB69002BE6D163
:1080A80002E0012387F82F3097F82F3000E00223F1
:1080B80018463037BD4680BD80B485B000AF7860C3
:1080C8007B685B6E002B08D17B680122A3F86A20CD
:1080D8007B680122A3F8682031E00823FB7308239A
:1080E800BB737B681B689B685B0EDBB203F00703FE
:1080F8007B737B681B689B685B0FDBB203F007032D
:108108003B73BB7B3A7B11498A5C02FB03F33A7BE6
:108118000F498A5C93FBF2F39AB27B68A3F86A2052
:10812800FB7B7A7B09498A5C02FB03F37A7B08496B
:108138008A5C93FBF2F39AB27B68A3F8682000BFCD
:108148001437BD465DF8047B704700BFD82F11086F
:10815800E02F110880B582B000AF786039603B68C5
:108168009AB2642379680948FEF7B2FC084B1B6889
:10817800002B06D03B689AB2642379680448FEF75E
:10818800A7FC00BF0837BD4680BD00BFC40304205C
:108198005804042080B582B000AF786039603B682D
:1081A8009AB24FF47A7379680348FEF791FC00BFDE
:1081B8000837BD4680BD00BFC403042080B584B025
:1081C80000AF78600B467B807B681B68134A93423C
:1081D80020D10023FB607B88002B09D001F0B8FC7C
:1081E8000346012B04D07B8819460D4804F072FF22
:1081F8004FF480720A490B48FFF70AFF01F0A8FC08
:108208000346012B06D0FB68002B03D0064B4FF02A
:1082180080521A6000BF1037BD4680BD002400465A
:10822800EC040420C403042004ED00E080B582B00F
:1082380000AF78607B681B68084A934209D17B6865
:108248001B680F221A624FF4807205490548FFF730
:10825800DFFE00BF0837BD4680BD00BF00240046D2
:10826800EC040420C403042080B500AFF9F73EFCF9
:108278000346184604F0D4FC00BF80BD80B58EB01C
:1082880000AFF9F779FB00F05FF800F04DFA00F065
:10829800ADF800F0F5F800F0B9F900F013FA20494C
:1082A80002200AF055F81F4805F0F2F8A0221E49EE
:1082B8001E4805F027F907F08FF90346184604F021
:1082C800BBFA1B491B4804F0E9FA08F0A9FC3B4635
:1082D80038220021184609F0D5F83B46184608F020
:1082E800F3FC04F0D9FC3B46184604F0B1FD1248F3
:1082F80004F09EFD114804F0DDFE04F075FF03460E
:1083080083F00103DBB2002B02D00D4808F0A6FF72
:108318000C4808F0A3FF00F0DBFE00BFFDE700BF3C
:10832800718210085D8110086823110890231108D4
:10833800BC231108CC231108D10C11089D81100809
:10834800DC2311080C24110880B59EB000AF07F19A
:10835800180360220021184609F094F83B460022D1
:108368001A605A609A60DA601A615A614FF44030B4
:10837800FEF7D2FA0346002B01D000F0FFF91023D4
:10838800BB6101237B631023BB634FF08043FB6316
:1083980002233B6501237B650123BB6550233B66B4
:1083A8000223FB6607F118031846FAF779F9034622
:1083B800002B01D000F0E2F91F233B6003237B6010
:1083C8000023BB600023FB6000233B6100237B612B
:1083D8003B4604211846FBF73FF80346002B01D023
:1083E80000F0CCF900BF7837BD4680BD80B582B0BB
:1083F80000AF1F4BD3F888301D4A43F00103C2F881
:1084080088301B4BD3F8883003F001037B607B680E
:10841800002205211E20F8F7C1FA1E20F8F7D8FA25
:10842800144B154A1A60134B22225A60114B002232
:10843800DA60104B00221A610E4B4FF400225A6189
:108448000C4B00229A610B4B0022DA61094B4FF466
:1084580040021A620748F8F77DFB084B054AC3F843
:108468008020044B054ADA6500BF0837BD4680BD49
:10847800000C0246D4020420D0000240C4030420A9
:1084880080B58CB000AF5C4BD3F88C305A4A43F0BF
:108498000203C2F88C30584BD3F88C3003F0020337
:1084A8007B617B6907F1180300221A605A609A60A1
:1084B800DA601A614FF44073BB611123FB61012339
:1084C8003B6202237B6207F1180319464B48FEF70B
:1084D8002BF801224FF440714848FEF705FA0023B3
:1084E800FB6220E000224FF480714448FEF7FCF95B
:1084F80000233B6102E03B6901333B613B69C72BC9
:10850800F9DD01224FF480713C48FEF7EDF90023B4
:10851800FB6002E0FB680133FB60FB68C72BF9DDF9
:10852800FB6A0133FB62FB6A082BDBDD00224FF498
:1085380000713248FEF7D8F90023BB6002E0BB683F
:108548000133BB60BB68C72BF9DD01224FF4807192
:108558002A48FEF7C9F900237B6002E07B680133F3
:108568007B607B68C72BF9DD01224FF4007123483B
:10857800FEF7BAF900233B6002E03B6801333B6039
:108588003B68C72BF9DD1E4B1E4A1A601C4B1E4A5E
:108598005A601B4B00229A60194B0122DA60184B73
:1085A80000221A61164B00225A61154B00229A616B
:1085B800134B0022DA61124B00221A621048F9F7B5
:1085C800C5FA0346002B01D000F0D8F800210C486A
:1085D800F9F7CEFF0346002B01D000F0CFF80021B9
:1085E8000748FAF710F80346002B01D000F0C6F848
:1085F80000BF3037BD4680BD000C02460004024271
:108608008002042000540040C7C7423080B500AF44
:10861800294B2A4A1A60284B4FF4E1325A60264BFC
:1086280000229A60244B0022DA60234B00221A6150
:10863800214B0C225A61204B00229A611E4B0022CA
:108648001A621D4B00225A621B4B00229A621A4B77
:1086580000225A661848FEF7EBF90346002B01D0B2
:1086680000F08CF800211448FFF756FC0346002B55
:1086780001D000F083F800210F48FFF78BFC034678
:10868800002B01D000F07AF80B48FFF70CFC0346EA
:10869800002B01D000F072F8002205214220F8F7E3
:1086A8007DF94220F8F794F94FF4807204490248A2
:1086B800FFF7AEFC00BF80BDC403042000240046C1
:1086C800EC04042080B500AF154B164A1A60144B11
:1086D8004FF4E1325A60124B00229A60104B00228C
:1086E800DA600F4B00221A610D4B0C225A610C4BB9
:1086F80000229A610A4B0022DA61094B00221A62B1
:10870800074B00225A62064B00229A620448FEF781
:108718008FF90346002B01D000F030F800BF80BD70
:10872800580404200038014080B483B000AF124BD5
:10873800D3F88C30104A43F00103C2F88C300E4B4A
:10874800D3F88C3003F001037B607B680A4BD3F8C5
:108758008C30094A43F00203C2F88C30064BD3F838
:108768008C3003F002033B603B6800BF0C37BD460A
:108778005DF8047B704700BF000C024680B400AF70
:1087880072B600BF00BFFDE780B400AF00BFFDE7D1
:1087980080B400AF00BFFDE780B500AF044B1B6895
:1087A800002B02D00248F8F71CFC00BF80BD00BFB8
:1087B8004C03042080B500AF044B1B68002B02D08B
:1087C8000248F8F70EFC00BF80BD00BFD4020420A9
:1087D80080B500AF0248FEF723FA00BF80BD00BF96
:1087E800C403042080B483B000AF0A4BD3F894309C
:1087F800084A43F00403C2F89430064BD3F8943087
:1088080003F004037B607B6800BF0C37BD465DF84E
:10881800047B7047000C024680B5BAB000AF7860A0
:1088280007F1D40300221A605A609A60DA601A616C
:1088380007F11003C0220021184608F023FE7B68C8
:108848001B68264A934245D14FF040024FF000037F
:10885800C7E904230023BB6707F110031846FBF799
:10886800CBF90346002B01D0FFF788FF1C4BD3F848
:108878008C301B4A43F00203C2F88C30184BD3F8F3
:108888008C3003F00203FB60FB684FF44073C7F8B9
:10889800D4301223C7F8D8300123C7F8DC300223BC
:1088A800C7F8E0300423C7F8E43007F1D4031946C9
:1088B8000C48FDF739FE0A4BD3F89C30084A43F4BC
:1088C8000013C2F89C30064BD3F89C3003F4001315
:1088D800BB60BB6800BFE837BD4680BD00540040A0
:1088E800000C02460004024280B5BCB000AF7860BC
:1088F80007F1DC0300221A605A609A60DA601A6194
:1089080007F11803C0220021184608F0BBFD7B6858
:108918001B684C4A934245D14FF020024FF00003A8
:10892800C7E906230023FB6707F118031846FBF77E
:1089380063F90346002B01D0FFF720FF424BD3F821
:10894800A830414A43F04003C2F8A8303E4BD3F860
:10895800A83003F040037B617B693B4BD3F88C3034
:10896800394A43F00103C2F88C30374BD3F88C30C6
:1089780003F001033B613B690C23C7F8DC30022399
:10898800C7F8E0300023C7F8E4300023C7F8E83020
:108998000823C7F8EC3007F1DC0319462B48FDF72C
:1089A800C3FD4AE07B681B68294A934245D14FF0D2
:1089B80001024FF00003C7E906230023BB6607F155
:1089C80018031846FBF718F90346002B01D0FFF7E8
:1089D800D5FE1D4BD3F8A4301B4A43F48043C2F89C
:1089E800A430194BD3F8A43003F48043FB60FB6830
:1089F800154BD3F88C30144A43F00103C2F88C307D
:108A0800114BD3F88C3003F00103BB60BB684FF403
:108A1800C063C7F8DC300223C7F8E0300123C7F889
:108A2800E4300223C7F8E8300723C7F8EC3007F131
:108A3800DC0319460548FDF777FD00BFF037BD4652
:108A480080BD00BF00240046000C02460000024220
:108A58000038014080B586B000AF7860144A154BE5
:108A6800D31A7B617B693B61134B1B68002B02D1D6
:108A7800114B124A1A60104B1A687B6813443A6902
:108A88009A4207D208F060FD03460C221A604FF0A4
:108A9800FF3309E0084B1B68FB60074B1A687B68CB
:108AA8001344054A1360FB6818461837BD4680BD55
:108AB80000000C2000040000EC050420A836052066
:108AC80080B586B000AFF860B9607A6000237B613A
:108AD8000AE0AFF300800146BB685A1CBA60CAB20C
:108AE8001A707B6901337B617A697B689A42F0DB93
:108AF8007B6818461837BD4680BD80B483B000AF88
:108B080078604FF0FF3318460C37BD465DF8047B9C
:108B1800704780B483B000AF786039603B684FF429
:108B280000525A60002318460C37BD465DF8047B96
:108B3800704780B483B000AF7860012318460C37C3
:108B4800BD465DF8047B704780B485B000AFF8601F
:108B5800B9607A60002318461437BD465DF8047B77
:108B680070470000DFF834D0F7F758FE002103E023
:108B78000B4B5B58435004310A480B4B42189A423E
:108B8800F6D30A4A02E0002342F8043B084B9A4213
:108B9800F9D308F0DFFCFFF771FBFEE700000C20BB
:108BA800204D110800000420600204206002042007
:108BB800A8360520FEE780B58AB004AFF860B96032
:108BC8007A603B607B6A002B03D102F0B5FF00BFDF
:108BD800FDE7BB6A002B03D102F0AEFF00BFFDE743
:108BE8005C233B613B695C2B03D002F0A5FF00BF0F
:108BF800FDE73B69BB6A002B1FD07B6A002B1CD0AA
:108C0800BB6A7B615C220021786908F03BFC7B69C8
:108C18007A6A1A637B69022283F859200023039336
:108C28007B690293FB6A01933B6A00933B687A680D
:108C3800B968F86800F08FF801E000237B617B6970
:108C480018461837BD4680BD80B58AB004AFF860B5
:108C5800B9607A603B6000233B6107F1100303931E
:108C6800BB6A02937B6A01933B6A00933B687A680C
:108C7800B968F868FFF79FFF78617B69002B02D01D
:108C8800786900F0F7F83B6918461837BD4680BD8B
:108C980080B58AB004AFF860B9607A603B607B68E1
:108CA8009B00184602F0E6FA38613B69002B13D0A6
:108CB8005C2002F0DFFA78617B69002B08D05C2227
:108CC8000021786908F0DEFB7B693A691A6305E0E0
:108CD800386902F0D5FB01E000237B617B69002B3A
:108CE80011D07B69002283F85920002303937B6904
:108CF80002937B6A01933B6A00933B687A68B96880
:108D0800F86800F028F87B6918461837BD4680BD1A
:108D180080B588B002AFF860B9607A603B607B6A62
:108D280001933B6A00933B687A68B968F868FFF773
:108D3800AFFF38613B69002B05D0386900F09AF81D
:108D480001237B6102E04FF0FF337B617B691846AA
:108D58001837BD4680BD80B586B000AFF860B960F1
:108D68007A603B60BB6A186B7B689B001A46A5213A
:108D780008F088FBBB6A1A6B7B6803F18043013BF0
:108D88009B0013443B613B6923F007033B613B694C
:108D980003F00703002B03D002F0CEFE00BFFDE76F
:108DA800BB68002B1ED000237B6112E0BA687B6988
:108DB80013441978BA6A7B69134434330A461A7023
:108DC800BA687B6913441B78002B06D07B69013392
:108DD8007B617B690F2BE9D900E000BFBB6A0022E9
:108DE80083F843203B6A062B03D902F0A5FE00BF97
:108DF800FDE73B6A062B01D906233B62BB6A3A6A48
:108E0800DA62BB6A3A6ADA64BB6A0433184601F06C
:108E180011FFBB6A1833184601F00CFFBB6ABA6A27
:108E28001A613B6AC3F10702BB6A9A61BB6ABA6AF4
:108E38005A62BB6A196B3B68FA68386902F01AFD16
:108E48000246BB6A1A60BB6A1B683A69D31A9B1050
:108E58001A467B68934203D802F06EFE00BFFDE716
:108E68007B6A002B02D07B6ABA6A1A6000BF183787
:108E7800BD4680BD80B584B000AF786002F092FC3A
:108E88003F4B1B6801333E4A13603E4B1B68002B67
:108E980009D13C4A7B681360394B1B68012B10D100
:108EA80000F0A4FD0DE0384B1B68002B09D1354BB1
:108EB8001B68DA6A7B68DB6A9A4202D8314A7B68A7
:108EC8001360324B1B680133304A13602F4B1A680A
:108ED8007B685A647B68DA6A2D4B1B689A4203D90F
:108EE8007B68DB6A2A4A13607B68DA6A2949134679
:108EF8009B0013449B000B4404331B68FB607B6896
:108F0800FA689A60FB689A687B68DA60FB689B6815
:108F18007A6804325A607B681A1DFB689A607B681D
:108F2800DA6A13469B0013449B001A4A1A447B686A
:108F38005A617B68DA6A174913469B0013449B0001
:108F48000B441B687A68D26A591C124813469B0066
:108F580013449B000344196002F036FC0A4B1B685B
:108F6800002B08D0074B1B68DA6A7B68DB6A9A42D9
:108F780001D202F005FC00BF1037BD4680BD00BF1E
:108F8800F0060420F0050420FC0604200C07042049
:108F9800F8060420F405042080B584B000AF78609A
:108FA8000023FB607B68002B10D000F0C5F80C4B49
:108FB8001B68012B03D002F0BFFD00BFFDE70021B5
:108FC800786800F0B5FF00F0C5F8F860FB68002B82
:108FD80001D102F0D5FB00BF1037BD4680BD00BFF0
:108FE8001807042080B590B004AF0123FB6207F195
:108FF800100300221A605A609A60DA6000233B620C
:1090080000237B6213E02F4A7B6A1344197807F127
:1090180010027B6A13440A461A7007F110027B6A31
:1090280013441B78002B06D07B6A01337B627B6A72
:109038000E2BE8D900E000BF07F110027B6A134449
:1090480000221A700023BB6231E01F4B3B620023F1
:10905800FB600023BB603A1D07F1080107F10C0310
:10906800184602F0BBFD7868BB68FA6807F1100182
:10907800029201930023009300230246386AFFF707
:10908800E3FD02461149BB6A41F823200F4ABB6A37
:1090980052F82330002B02D00123FB6201E00023A9
:1090A800FB62FB6A012B06D1BB6A0133BB62BB6A58
:1090B800002BCADD00E000BFFB6A18463037BD460A
:1090C80080BD00BF34241108D59910081407042066
:1090D80080B582B000AFFFF785FF78607B68012B11
:1090E80002D101F017FE78607B68012B0ED102F0E7
:1090F80023FD0D4B4FF0FF321A600C4B01221A6012
:109108000B4B00221A6002F03FFC07E07B68B3F1CA
:10911800FF3F03D102F010FD00BFFDE7054B1B68C0
:1091280000BF0837BD4680BD10070420FC06042098
:10913800F4060420E82F110880B400AF044B1B6824
:109148000133034A136000BFBD465DF8047B7047D6
:109158001807042080B588B000AF0023FB61002306
:10916800BB6102F01FFB00233B616F4B1B68002BA8
:1091780003D102F0E1FC00BFFDE76B4B1B68013B2C
:10918800694A1360684B1B68002B40F0C580674B29
:109198001B68002B00F0C0808FE0654BDB68DB6844
:1091A800FB61FB699B6AFB60FB69DB69FA69126A10
:1091B8009A60FB691B6AFA69D2695A60FB685A6847
:1091C800FB6918339A4203D1FB691A6AFB685A6033
:1091D800FB6900229A62FB681B685A1EFB681A60CA
:1091E800FB695B69BB60FB699B68FA69D2689A6036
:1091F800FB69DB68FA6992685A60BB685A68FB6960
:1092080004339A4203D1FB69DA68BB685A60FB6988
:1092180000225A61BB681B685A1EBB681A60FB694A
:10922800DA6A444B1B689A4203D9FB69DB6A414AF4
:109238001360FB69DA6A404913469B0013449B009C
:109248000B4404331B687B60FB697A689A607B680F
:109258009A68FB69DA607B689B68FA6904325A602D
:10926800FB691A1D7B689A60FB69DA6A13469B00E2
:1092780013449B00304A1A44FB695A61FB69DA6A55
:109288002D4913469B0013449B000B441B68FA6945
:10929800D26A591C284813469B0013449B00034478
:1092A8001960FB69DA6A254B1B68DB6A9A4204D9A4
:1092B800234A3B69012142F823101D4B1B68002BF0
:1092C8007FF46BAFFB69002B01D000F025FC1D4B30
:1092D8001B687B617B69002B12D000F051F80346B4
:1092E800002B04D0164A3B69012142F823107B6900
:1092F800013B7B617B69002BEFD1124B00221A6086
:109308000F4A3B6952F82330002B05D00123BB617B
:109318000A4B1B6802F034FA02F056FABB69184689
:109328002037BD4680BD00BF18070420F006042082
:10933800B0060420F8060420F4050420F0050420F3
:10934800040704200007042080B483B000AF054B55
:109358001B687B607B6818460C37BD465DF8047B4C
:10936800704700BFF406042080B400AF034B1B68AD
:109378001846BD465DF8047B704700BFF006042020
:1093880080B588B000AF0023FB617F4B1B68002BC2
:1093980040F0EE807D4B1B680133BB617B4ABB69A3
:1093A8001360BB69002B19D1794B1B681B68002B14
:1093B80003D002F0C1FB00BFFDE7754B1B687B6162
:1093C800744B1B68724A1360724A7B691360724B54
:1093D8001B680133704A136000F09EFB6F4B1B68DB
:1093E800BA699A42C0F0A980694B1B681B68002BB8
:1093F80004D16A4B4FF0FF321A609EE0644B1B6841
:10940800DB68DB683B613B695B68FB60BA69FB68EA
:109418009A4203D2614AFB6813608EE03B695B693C
:10942800BB603B699B683A69D2689A603B69DB68B4
:109438003A6992685A60BB685A683B6904339A4231
:1094480003D13B69DA68BB685A603B6900225A61FC
:10945800BB681B685A1EBB681A603B699B6A002B75
:109468001ED03B699B6A7B603B69DB693A69126A7B
:109478009A603B691B6A3A69D2695A607B685A6884
:109488003B6918339A4203D13B691A6A7B685A6070
:109498003B6900229A627B681B685A1E7B681A60C7
:1094A8003B69DA6A3E4B1B689A4203D93B69DB6A1F
:1094B8003B4A13603B69DA6A3A4913469B001344F6
:1094C8009B000B4404331B683B603B693A689A6015
:1094D8003B689A683B69DA603B689B683A69043282
:1094E8005A603B691A1D3B689A603B69DA6A134601
:1094F8009B0013449B002B4A1A443B695A613B6901
:10950800DA6A284913469B0013449B000B441B68E6
:109518003A69D26A591C234813469B0013449B009E
:10952800034419603B69DA6A1F4B1B68DB6A9A427D
:109538007FF65AAF0123FB6156E71B4B1B68DA6ABB
:10954800184913469B0013449B000B441B68012BCE
:1095580001D90123FB61154B1B68002B01D102F0D7
:1095680071FB134B1B68002B09D00123FB6106E03C
:109578000E4B1B6801330D4A136002F063FBFB6955
:1095880018462037BD4680BD18070420F40604207D
:10959800A8060420AC0604200807042010070420AD
:1095A800F8060420F4050420F00504200007042030
:1095B8000407042080B582B000AF244B1B68002B41
:1095C80003D0234B01221A603BE0214B00221A6092
:1095D800204B1B687B6009E07B68002B03D102F0FD
:1095E800ABFA00BFFDE77B68013B7B601A497A68EC
:1095F80013469B0013449B000B441B68002BEBD0C5
:109608007A6813469B0013449B00134A13443B603B
:109618003B685B685A683B685A603B685A683B68B5
:1096280008339A4203D13B68DA683B685A603B6862
:109638005B68DB68094A1360064A7B681360074B5E
:109648001B6800BF0837BD4680BD00BF180704204F
:1096580004070420F8060420F4050420F00504207B
:1096680080B582B000AF786039607B68002B03D189
:1096780002F062FA00BFFDE7074B1B681833194672
:10968800786801F0E4FA0121386800F051FC00BF65
:109698000837BD4680BD00BFF005042080B586B000
:1096A80000AFF860B9607A60FB68002B03D102F064
:1096B80043FA00BFFDE7FB685B687B61154B1B68DD
:1096C8007A69DA61134B1B687A6992681A62114BDE
:1096D8001A687B699B6818325A600E4B1B6803F145
:1096E80018027B699A600B4B1B68FA689A62FB68E0
:1096F8001B685A1CFB681A607B68002B02D04FF06D
:10970800FF33BB607968B86800F012FC00BF1837F7
:10971800BD4680BDF005042080B588B000AF7860F4
:109728007B68DB68DB68BB61BB69002B03D102F097
:1097380003FA00BFFDE7BB699B6A7B61BB69DB6914
:10974800BA69126A9A60BB691B6ABA69D2695A60B7
:109758007B695A68BB6918339A4203D1BB691A6A94
:109768007B695A60BB6900229A627B691B685A1E32
:109778007B691A604A4B1B68002B61D1BB695B6926
:10978800FB60BB699B68BA69D2689A60BB69DB6891
:10979800BA6992685A60FB685A68BB6904339A428E
:1097A80003D1BB69DA68FB685A60BB6900225A6159
:1097B800FB681B685A1EFB681A60BB69DA6A394B7A
:1097C8001B689A4203D9BB69DB6A364A1360BB69D6
:1097D800DA6A354913469B0013449B000B44043353
:1097E8001B68BB60BB69BA689A60BB689A68BB694A
:1097F800DA60BB689B68BA6904325A60BB691A1D93
:10980800BB689A60BB69DA6A13469B0013449B00E5
:10981800254A1A44BB695A61BB69DA6A2249134668
:109828009B0013449B000B441B68BA69D26A591CFD
:109838001D4813469B0013449B00034419601BE01A
:109848001A4B5B683B61BB693A69DA613B699A68A4
:10985800BB691A623B699B68BA6918325A60BB696E
:1098680003F118023B699A60BB69104A9A620F4B70
:109878001B6801330D4A1360BB69DA6A0C4B1B681D
:10988800DB6A9A4205D90123FB610A4B01221A605F
:1098980001E00023FB61FB6918462037BD4680BD07
:1098A80018070420F8060420F4050420B006042054
:1098B800F00504200407042080B483B000AF78606A
:1098C800064B1A687B681A60054B1A687B685A60F1
:1098D80000BF0C37BD465DF8047B704708070420BD
:1098E800F406042080B586B000AF786039607B68E4
:1098F800002B03D102F020F900BFFDE73B68002BE5
:1099080003D102F019F900BFFDE701F04BFF264B28
:109918001B683B617B685B683A69D31AFB60234B21
:109928001B6893F85A30002B07D0204B1B68002285
:1099380083F85A2001237B612EE03B681B68B3F152
:10994800FF3F02D100237B6126E07B681A68184B31
:109958001B689A420AD07B685B683A699A4205D3C9
:1099680001237B613B6800221A6015E03B681B6895
:10997800FA689A420BD23B681A68FB68D21A3B68AD
:109988001A607868FFF798FF00237B6104E03B6862
:1099980000221A6001237B6101F016FF7B691846DB
:1099A8001837BD4680BD00BFF4060420F00504202A
:1099B8000807042080B400AF034B01221A6000BFDF
:1099C800BD465DF8047B70470407042080B582B06B
:1099D80000AF786000F04AF8034B1B68012BF9D9F7
:1099E80001F0CEFEF6E700BFF405042080B582B092
:1099F80000AF00237B600CE07A6813469B00134499
:109A08009B00124A1344184601F0F4F87B680133AE
:109A18007B607B68062BEFD90D4801F0EBF80D4809
:109A280001F0E8F80C4801F0E5F80C4801F0E2F81C
:109A38000B4801F0DFF80B4B054A1A600A4B054A40
:109A48001A6000BF0837BD4680BD00BFF40504207A
:109A58008006042094060420B0060420C4060420CE
:109A6800DC060420A8060420AC06042080B582B0D9
:109A780000AF19E001F096FE104BDB68DB687B60F5
:109A88007B680433184601F01BF90D4B1B68013B3A
:109A98000B4A13600B4B1B68013B0A4A136001F029
:109AA80093FE786800F010F8064B1B68002BE1D194
:109AB80000BF00BF0837BD4680BD00BFC4060420F4
:109AC800F0060420D806042080B582B000AF786084
:109AD8007B6893F85930002B08D17B681B6B1846BC
:109AE80001F0CEFC786801F0CBFC11E07B6893F8BC
:109AF8005930012B03D1786801F0C2FC08E07B687B
:109B080093F85930022B03D002F016F800BFFDE796
:109B180000BF0837BD4680BD80B400AF0A4B1B6844
:109B28001B68002B04D1094B4FF0FF321A6005E087
:109B3800054B1B68DB681B68044A136000BFBD4601
:109B48005DF8047B704700BFA806042010070420B6
:109B580080B483B000AF0B4B1B68002B02D10123EC
:109B68007B6008E0084B1B68002B02D102237B6056
:109B780001E000237B607B6818460C37BD465DF822
:109B8800047B7047FC0604201807042080B586B0C3
:109B980000AF78607B683B6100237B617B68002BAA
:109BA8007BD03B69DA6A3F4B1B68DB6A9A426BD20F
:109BB8003B699B69002B06DB3A4B1B68DB6AC3F1E8
:109BC80007023B699A613B6959693B69DA6A13463E
:109BD8009B0013449B00344A134499424CD13B697F
:109BE8000433184601F06CF82E4B1B68DA6A3B699F
:109BF800DA623B69DA6A2D4B1B689A4203D93B69E2
:109C0800DB6A2A4A13603B69DA6A274913469B00D4
:109C180013449B000B4404331B68FB603B69FA68E0
:109C28009A60FB689A683B69DA60FB689B683A69E6
:109C380004325A603B691A1DFB689A603B69DA6A0C
:109C480013469B0013449B00174A1A443B695A6108
:109C58003B69DA6A144913469B0013449B000B4482
:109C68001B683A69D26A591C0F4813469B00134473
:109C78009B000344196004E00A4B1B68DA6A3B69DD
:109C8800DA6201237B6108E03B69DA6C054B1B68EB
:109C9800DB6A9A4201D201237B617B691846183737
:109CA800BD4680BDF0050420F4050420F806042014
:109CB80080B586B000AF78607B683B6100237B612C
:109CC8007B68002B72D03C4B1B683A699A4203D0E0
:109CD80001F032FF00BFFDE73B691B6D002B03D18C
:109CE80001F02AFF00BFFDE73B691B6D5A1E3B6967
:109CF8001A653B69DA6A3B69DB6C9A4256D03B6964
:109D08001B6D002B52D13B690433184600F0D8FF75
:109D18003B69DA6C3B69DA623B69DB6AC3F10702CB
:109D28003B699A613B69DA6A244B1B689A4203D9FA
:109D38003B69DB6A214A13603B69DA6A20491346AA
:109D48009B0013449B000B4404331B68FB603B6976
:109D5800FA689A60FB689A683B69DA60FB689B68F6
:109D68003A6904325A603B691A1DFB689A603B697C
:109D7800DA6A13469B0013449B00114A1A443B6954
:109D88005A613B69DA6A0E4913469B0013449B00EB
:109D98000B441B683A69D26A591C094813469B0050
:109DA80013449B000344196001237B617B691846B7
:109DB8001837BD4680BD00BFF0050420F806042012
:109DC800F405042080B588B000AF786039607B68FE
:109DD800BB6101237B617B68002B00F08780BB6936
:109DE8001B6D002B03D101F0A7FE00BFFDE7BB6987
:109DF800DB6C3A689A4202D93B68FB6102E0BB69B6
:109E0800DB6CFB61BB69DB6AFA699A426ED0BB699D
:109E18001B6D7A699A4269D1364B1B68BA699A42B6
:109E280003D101F089FE00BFFDE7BB69DB6A3B6136
:109E3800BB69FA69DA62BB699B69002B04DBFB69C1
:109E4800C3F10702BB699A61BB6959693A6913464C
:109E58009B0013449B00284A1344994246D1BB698E
:109E68000433184600F02CFFBB69DA6A234B1B68E1
:109E78009A4203D9BB69DB6A204A1360BB69DA6A74
:109E88001D4913469B0013449B000B4404331B6875
:109E9800FB60BB69FA689A60FB689A68BB69DA601C
:109EA800FB689B68BA6904325A60BB691A1DFB6873
:109EB8009A60BB69DA6A13469B0013449B000E4AFA
:109EC8001A44BB695A61BB69DA6A0B4913469B009D
:109ED80013449B000B441B68BA69D26A591C064894
:109EE80013469B0013449B000344196000BF2037AE
:109EF800BD4680BDF0050420F4050420F8060420C2
:109F080080B483B000AF094B1B687B607B68002B73
:109F180004D07B681B6D5A1C7B681A657B681846E1
:109F28000C37BD465DF8047B704700BFF005042080
:109F380080B588B000AF78603960324B1B68FB6130
:109F4800314B1B68BB61314B1B687B61304B1B6815
:109F5800002283F85A202E4B1B680433184600F061
:109F6800AFFE7B68B3F1FF3F24D13B68002B21D0C3
:109F7800284B5B683B61264B1B683A699A60244B07
:109F88001B683A699268DA60214B1A683B699B68DA
:109F980004325A601E4B1B681A1D3B699A601C4BA1
:109FA8001B681C4A5A611B4B1B680133194A136012
:109FB80000BF22E0FA697B681344FB60144B1B68FE
:109FC800FA685A60FA68FB699A4207D2104B1B6814
:109FD80004331946786900F03AFE0EE00C4B1B6812
:109FE80004331946B86900F032FE0B4B1B68FA6857
:109FF8009A4202D2084AFB68136000BF2037BD4668
:10A0080080BD00BFF4060420A8060420AC06042086
:10A01800F0050420DC0604201007042080B584B075
:10A0280000AF786039600123FB607B68BB60BB6868
:10A03800002B03D101F080FD00BFFDE7BB68002BBA
:10A0480057D0BB68DB6B002B53D0BB681A6CBB685E
:10A05800DB6B0021A3FB0223002B00D001210B4660
:10A06800002B46D101F09EFBBB681A68BB68DB6B0E
:10A07800B968096C01FB03F31A44BB689A60BB68B2
:10A0880000229A63BB681A68BB685A60BB681A6882
:10A09800BB68DB6B013BB968096C01FB03F31A442D
:10A0A800BB68DA60BB68FF2283F84420BB68FF22E4
:10A0B80083F845203B68002B0ED1BB681B69002B39
:10A0C80014D0BB6810331846FFF726FB0346002B55
:10A0D8000CD001F055FB09E0BB681033184600F0BE
:10A0E80089FDBB682433184600F084FD01F06CFB41
:10A0F80001E00023FB60FB68002B03D101F01CFD8D
:10A1080000BFFDE7FB6818461037BD4680BD80B527
:10A1180088B002AFF860B9607A603B6000237B6169
:10A128003B68002B03D101F007FD00BFFDE7FB688A
:10A13800002B29D03B68002B26D07B68002B02D04F
:10A14800BB68002B20D07B68002B02D1BB68002B9A
:10A158001AD150233B613B69502B03D001F0ECFC32
:10A1680000BFFDE73B693B687B617B69012283F89F
:10A17800462097F820207B69009313467A68B968CF
:10A18800F86800F058F806E07B69002B03D101F06D
:10A19800D3FC00BFFDE77B6918461837BD4680BD74
:10A1A80080B58AB002AFF860B9601346FB7100232E
:10A1B800FB61FB68002B32D00021BA68FB68A3FB67
:10A1C8000223002B00D001210B46002B27D1FB686E
:10A1D800BA6802FB03F313F1510F20D8FB68BA6881
:10A1E80002FB03F3BB61BB695033184601F042F828
:10A1F800F861FB69002B19D0FB697B617B695033DF
:10A208007B61FB69002283F84620FA79FB69009399
:10A2180013467A69B968F86800F00DF806E0FB693A
:10A22800002B03D101F088FC00BFFDE7FB6918464D
:10A238002037BD4680BD80B584B000AFF860B960F6
:10A248007A60FB70BB68002B03D1BB69BA691A60DE
:10A2580002E0BB697A681A60BB69FA68DA63BB69AD
:10A26800BA681A640121B869FFF7D8FEBB69FA78A1
:10A2780083F84C2000BF1037BD4680BD80B582B042
:10A2880000AF78607B68002B0ED07B6800229A6054
:10A298007B6800221A607B680022DA6000230022B3
:10A2A8000021786800F01CF800BF0837BD4680BD63
:10A2B80080B586B000AF0346FB7101237B610023A4
:10A2C8003B61FB791A4639697869FFF769FFF860DD
:10A2D800F868FFF7D3FFFB6818461837BD4680BDFE
:10A2E80080B58AB000AFF860B9607A603B6000233F
:10A2F8007B62FB683B623B6A002B03D101F01CFCCC
:10A3080000BFFDE7BB68002B03D13B6A1B6C002B29
:10A3180001D1012300E00023002B03D101F00CFC44
:10A3280000BFFDE73B68022B03D13B6ADB6B012BC7
:10A3380001D1012300E00023002B03D101F0FCFB35
:10A3480000BFFDE7FFF704FC0346002B02D17B6842
:10A35800002B01D1012300E00023002B03D101F0E1
:10A36800EBFB00BFFDE701F01DFA3B6A9A6B3B6A05
:10A37800DB6B9A4202D33B68022B1DD13A68B9685D
:10A38800386A00F0ADFAF8613B6A5B6A002B0AD0C4
:10A398003B6A24331846FFF7BFF90346002B07D062
:10A3A80001F0EEF904E0FB69002B01D001F0E8F9B7
:10A3B80001F00AFA01235CE07B68002B03D101F06D
:10A3C80003FA002355E07B6A002B06D107F114033A
:10A3D8001846FFF771FA01237B6201F0F5F9FEF7E1
:10A3E800ABFE01F0DFF93B6A93F844305BB2B3F19E
:10A3F800FF3F03D13B6A002283F844203B6A93F86D
:10A4080045305BB2B3F1FF3F03D13B6A002283F8CA
:10A41800452001F0D9F93A1D07F1140311461846F1
:10A42800FFF760FA0346002B1DD1386A00F050FB95
:10A438000346002B11D03B6A10337A681146184640
:10A44800FFF70EF9386A00F0DBFAFEF783FE0346E1
:10A45800002B88D101F094F985E7386A00F0D0FA2A
:10A46800FEF778FE7FE7386A00F0CAFAFEF772FE58
:10A47800002318462837BD4680BD80B58AB000AF96
:10A48800F860B9607A603B60FB683B623B6A002B0E
:10A4980008D0BB68002B03D13B6A1B6C002B01D191
:10A4A800012300E00023002B03D101F045FB00BF8E
:10A4B800FDE73B6A002B08D03B68022B03D13B6ABF
:10A4C800DB6B012B01D1012300E00023002B03D11A
:10A4D80001F032FB00BFFDE701F06AFA01F02CFB46
:10A4E800F8613B6A9A6B3B6ADB6B9A4202D33B6822
:10A4F800022B3DD13B6A93F84530FB763B6A9B6B58
:10A508007B613A68B968386A00F0EAF997F91B3054
:10A51800B3F1FF3F12D13B6A5B6A002B25D03B6A3F
:10A5280024331846FFF7F8F80346002B1DD07B6844
:10A53800002B1AD07B6801221A6016E0FEF714FF80
:10A54800386197F91B303A699A420ED997F91B304E
:10A558007F2B03D101F0F0FA00BFFDE7FB7E01334A
:10A56800DBB25AB23B6A83F8452001237B6201E0E3
:10A5780000237B62F86901F0ECFA7B6A18462837F9
:10A58800BD4680BD80B58AB000AFF860B9607A601A
:10A5980000237B62FB683B623B6A002B03D101F01E
:10A5A800CBFA00BFFDE7BB68002B03D13B6A1B6CED
:10A5B800002B01D1012300E00023002B03D101F07F
:10A5C800BBFA00BFFDE7FFF7C3FA0346002B02D131
:10A5D8007B68002B01D1012300E00023002B03D16D
:10A5E80001F0AAFA00BFFDE701F0DCF83B6A9B6BBB
:10A5F800FB61FB69002B19D0B968386A00F0DAF9F9
:10A60800FB695A1E3B6A9A633B6A1B69002B09D097
:10A618003B6A10331846FFF77FF80346002B01D03A
:10A6280001F0AEF801F0D0F8012363E07B68002B5D
:10A6380003D101F0C9F800235CE07B6A002B06D146
:10A6480007F114031846FFF737F901237B6201F07D
:10A65800BBF8FEF771FD01F0A5F83B6A93F84430AA
:10A668005BB2B3F1FF3F03D13B6A002283F8442079
:10A678003B6A93F845305BB2B3F1FF3F03D13B6AC5
:10A68800002283F8452001F09FF83A1D07F11403D2
:10A6980011461846FFF726F90346002B1DD1386AE4
:10A6A80000F000FA0346002B11D03B6A24337A6885
:10A6B80011461846FEF7D4FF386A00F0A1F9FEF7F4
:10A6C80049FD0346002B8FD101F05AF88CE7386A10
:10A6D80000F096F9FEF73EFD86E7386A00F090F93B
:10A6E800FEF738FD386A00F0DDF90346002B3FF429
:10A6F8007BAF002318462837BD4680BD80B58AB099
:10A7080000AF7860396000237B627B68FB610023BF
:10A718003B62FB69002B03D101F00EFA00BFFDE795
:10A72800FB691B6C002B03D001F006FA00BFFDE7A4
:10A73800FFF70EFA0346002B02D13B68002B01D12C
:10A74800012300E00023002B03D101F0F5F900BF3D
:10A75800FDE701F027F8FB699B6BBB61BB69002B28
:10A768001ED0BB695A1EFB699A63FB691B68002BE4
:10A7780004D1FFF7C5FB0246FB699A60FB691B69B8
:10A78800002B09D0FB6910331846FEF7C5FF0346B6
:10A79800002B01D000F0F4FF01F016F8012383E04C
:10A7A8003B68002B03D101F00FF800237CE07B6AA3
:10A7B800002B06D107F10C031846FFF77DF801239B
:10A7C8007B6201F001F8FEF7B7FC00F0EBFFFB69D4
:10A7D80093F844305BB2B3F1FF3F03D1FB69002229
:10A7E80083F84420FB6993F845305BB2B3F1FF3F2F
:10A7F80003D1FB69002283F8452000F0E5FF3A46C3
:10A8080007F10C0311461846FFF76CF80346002BB6
:10A818002CD1F86900F046F90346002B20D0FB69DB
:10A828001B68002B09D100F0BDFFFB699B68184627
:10A83800FFF7ACF9386200F0C7FFFB6924333A68C8
:10A8480011461846FEF70CFFF86900F0D9F8FEF734
:10A8580081FC0346002B7FF47CAF00F091FF78E782
:10A86800F86900F0CDF8FEF775FC72E7F86900F0BA
:10A87800C7F8FEF76FFCF86900F014F90346002BDF
:10A888003FF467AF3B6A002B0DD000F08BFFF869EF
:10A8980000F00EF87861FB699B6879691846FFF744
:10A8A80091FA00F091FF002318462837BD4680BD75
:10A8B80080B485B000AF78607B685B6A002B06D0F7
:10A8C8007B681B6B1B68C3F10703FB6001E0002377
:10A8D800FB60FB6818461437BD465DF8047B70477B
:10A8E80080B586B000AFF860B9607A6000237B61FC
:10A8F800FB689B6B3B61FB681B6C002B0DD1FB68F5
:10A908001B68002B4DD1FB689B681846FFF7D0F9F0
:10A918007861FB6800229A6043E07B68002B19D1BC
:10A92800FB685868FB681B6C1A46B96806F039FE64
:10A93800FB685A68FB681B6C1A44FB685A60FB6822
:10A948005A68FB689B689A422BD3FB681A68FB68B5
:10A958005A6026E0FB68D868FB681B6C1A46B96821
:10A9680006F01FFEFB68DA68FB681B6C5B421A4442
:10A97800FB68DA60FB68DA68FB681B689A4207D2F2
:10A98800FB689A68FB681B6C5B421A44FB68DA60D8
:10A998007B68022B05D13B69002B02D03B69013B48
:10A9A8003B613B695A1CFB689A637B6918461837F8
:10A9B800BD4680BD80B582B000AF786039607B68E5
:10A9C8001B6C002B18D07B68DA687B681B6C1A44F8
:10A9D8007B68DA607B68DA687B689B689A4203D395
:10A9E8007B681A687B68DA607B68D9687B681B6C4F
:10A9F8001A46386806F0D5FD00BF0837BD4680BD49
:10AA080080B584B000AF786000F0CCFE7B6893F826
:10AA18004530FB7311E07B685B6A002B12D07B68C2
:10AA280024331846FEF778FE0346002B01D0FEF7C4
:10AA3800C1FFFB7B013BDBB2FB7397F90F30002BA7
:10AA4800E9DC00E000BF7B68FF2283F8452000F0C6
:10AA5800BBFE00F0A7FE7B6893F84430BB7311E09F
:10AA68007B681B69002B12D07B6810331846FEF7F1
:10AA780053FE0346002B01D0FEF79CFFBB7B013B36
:10AA8800DBB2BB7397F90E30002BE9DC00E000BFA6
:10AA98007B68FF2283F8442000F096FE00BF103741
:10AAA800BD4680BD80B584B000AF786000F07AFE06
:10AAB8007B689B6B002B02D10123FB6001E0002324
:10AAC800FB6000F081FEFB6818461037BD4680BD6C
:10AAD80080B584B000AF786000F064FE7B689A6B44
:10AAE8007B68DB6B9A4202D10123FB6001E0002303
:10AAF800FB6000F069FEFB6818461037BD4680BD54
:10AB080080B584B000AF786039600023BB607B6893
:10AB1800002B03D101F010F800BFFDE73B68002BC4
:10AB280024D00023FB601EE0174AFB68DB001344B7
:10AB38005B687A689A4205D1FB68DB00124A1344C5
:10AB4800BB6013E0BB68002B0AD10F4AFB6852F8C0
:10AB58003330002B04D1FB68DB000B4A1344BB6085
:10AB6800FB680133FB60FB68072BDDD9BB68002B52
:10AB780005D0BB683A681A60BB687A685A6000BF3B
:10AB88001037BD4680BD00BF1C07042080B586B0C5
:10AB980000AFF860B9607A60FB687B6100F002FE84
:10ABA8007B6993F844305BB2B3F1FF3F03D17B6913
:10ABB800002283F844207B6993F845305BB2B3F1F7
:10ABC800FF3F03D17B69002283F8452000F0FCFD9C
:10ABD8007B699B6B002B06D17B6924337A68B96843
:10ABE8001846FEF75BFD7869FFF70AFF00BF1837C4
:10ABF800BD4680BD80B483B000AF78607B6803F148
:10AC080008027B685A607B684FF0FF329A607B6865
:10AC180003F108027B68DA607B6803F108027B684D
:10AC28001A617B6800221A6000BF0C37BD465DF8C8
:10AC3800047B704780B483B000AF78607B680022E3
:10AC48001A6100BF0C37BD465DF8047B704780B4BD
:10AC580085B000AF786039603B681B68BB60BB6833
:10AC6800B3F1FF3F03D17B681B69FB600CE07B6895
:10AC78000833FB6002E0FB685B68FB60FB685B68AD
:10AC88001B68BA689A42F6D2FB685A683B685A60F1
:10AC98003B685B683A689A603B68FA689A60FB6848
:10ACA8003A685A603B687A681A617B681B685A1C64
:10ACB8007B681A6000BF1437BD465DF8047B704797
:10ACC80080B485B000AF78607B681B69FB607B68E7
:10ACD8005B687A6892689A607B689B687A68526851
:10ACE8005A60FB685B687A689A4203D17B689A6805
:10ACF800FB685A607B6800221A61FB681B685A1E51
:10AD0800FB681A60FB681B6818461437BD465DF877
:10AD1800047B704780B588B004AF0023FB6000F067
:10AD280069FA184B1B68002B20D00023BB60002356
:10AD38007B603A46391D07F10803184600F068FFA2
:10AD480039687B68BA68029201930623009300234E
:10AD58000A460D490D48FDF777FF03460C4A136074
:10AD68000B4B1B68002B01D00123FB60FB68002BF9
:10AD780003D100F0E1FE00BFFDE7FB68184610377D
:10AD8800BD4680BD8C0704203C24110841AE100844
:10AD98009007042080B584B000AFF860B9607A608D
:10ADA80008E0FB689B69BA681344BB60FB681B6AD0
:10ADB800F8689847FB689A69BB68D118BB687A68D5
:10ADC800F86800F0D7F80346002BEAD100BF00BFAF
:10ADD8001037BD4680BD000080B584B000AF7860F4
:10ADE8003960144B1B68DB68DB68FB60FB68043365
:10ADF8001846FFF765FFFB6893F8283003F0040353
:10AE0800002B05D03A687968F868FFF7C3FF08E0B7
:10AE1800FB6893F8283023F00103DAB2FB6883F863
:10AE28002820FB681B6AF868984700BF1037BD46A2
:10AE380080BD00BF8407042080B584B000AF78606F
:10AE480007F10803184600F051F8F860BB68194686
:10AE5800F86800F005F800F0CFF800BFF0E7000050
:10AE680080B584B000AF78603960FEF765F907F106
:10AE78000803184600F05EF8F860BB68002B2AD17A
:10AE88003B68002B0AD17A68FB689A4206D8FEF71D
:10AE980061F9F9687868FFF79FFF1EE03B68002BAF
:10AEA80008D0104B1B681B68002B01D1012300E060
:10AEB80000233B600C4B18687A68FB68D31A3A6821
:10AEC8001946FFF763FEFEF745F90346002B04D148
:10AED80000F056FC01E0FEF73DF900BF1037BD4613
:10AEE80080BD00BF880704208C07042080B485B08B
:10AEF80000AF78600E4B1B681B68002B01D1012244
:10AF080000E000227B681A607B681B68002B05D173
:10AF1800074B1B68DB681B68FB6001E00023FB60D4
:10AF2800FB6818461437BD465DF8047B704700BFC0
:10AF38008407042080B584B000AF7860FEF704FA77
:10AF4800F8600B4B1B68FA689A4205D200F02CF99E
:10AF58007B6801221A6002E07B6800221A60044ABA
:10AF6800FB681360FB6818461037BD4680BD00BFFC
:10AF78009407042080B586B000AFF860B9607A60A5
:10AF88003B6000237B61FB68BA685A60FB68FA681B
:10AF98001A61BA687B689A4212D87A683B68D21AF2
:10AFA800FB689B699A4202D301237B611BE0104B2B
:10AFB8001A68FB68043319461046FFF748FE12E08A
:10AFC8007A683B689A4206D2BA683B689A4202D3CA
:10AFD80001237B6107E0074B1A68FB6804331946B5
:10AFE8001046FFF734FE7B6918461837BD4680BD0A
:10AFF800880704208407042080B588B000AF3B1D73
:10B0080000221A605A609A60DA60BBE07B68002B05
:10B0180011DA3B1D0433FB61FB69002B03D100F0FF
:10B028008BFD00BFFDE7FB691B68FA695068FA6988
:10B038009268114698477B68002BC0F2A380FB6892
:10B04800BB61BB69002B00F09D80BB695B69002B6D
:10B0580004D0BB6904331846FFF732FE3B46184656
:10B06800FFF768FF78617B68013B082B00F2878057
:10B0780001A252F823F000BFA5B01008A5B010082F
:10B088000DB1100821B110085DB11008A5B0100865
:10B09800A5B010080DB1100821B11008BB6993F8CC
:10B0A800283043F00103DAB2BB6983F82820BA6874
:10B0B800BB699B69D118BB687A69B869FFF75AFF01
:10B0C8000346002B5DD0BB6993F8283003F00403D6
:10B0D800002B09D0BA68BB699B6913447A69194681
:10B0E800B869FFF757FE08E0BB6993F8283023F0EA
:10B0F8000103DAB2BB6983F82820BB691B6AB86907
:10B1080098473EE0BB6993F8283023F00103DAB290
:10B11800BB6983F8282035E0BB6993F8283043F0F1
:10B128000103DAB2BB6983F82820BA68BB699A615F
:10B13800BB699B69002B03D100F0FEFC00BFFDE753
:10B14800BB699A697B69D1187B697A69B869FFF725
:10B1580011FF17E0BB6993F8283003F00203002BB6
:10B1680003D1B86900F08CF90CE0BB6993F828307A
:10B1780023F00103DAB2BB6983F8282002E000BF9C
:10B1880000E000BF074B1B68391D00221846FFF777
:10B19800F9F90346002B7FF439AF00BF00BF203711
:10B1A800BD4680BD8C07042080B582B000AF09E0A1
:10B1B8000E4B1B68DB681B683B604FF0FF3138683B
:10B1C800FFF70AFE094B1B681B68002BF0D1074BE1
:10B1D8001B687B60064B1B68044A1360044A7B6843
:10B1E800136000BF0837BD4680BD00BF8407042038
:10B1F8008807042080B582B002AF00F0D3FA154B5F
:10B208001B68002B20D11448FFF7F4FC1348FFF704
:10B21800F1FC134B104A1A60124B104A1A600023B3
:10B228000093114B114A10210A20FEF770FF0346C4
:10B23800084A1360074B1B68002B05D0054B1B6899
:10B248000B491846FFF75CFC00F0BEFA00BFBD468C
:10B2580080BD00BF8C0704205C0704207007042011
:10B26800840704208807042038080420980704204D
:10B278004424110880B588B000AF786000237B6152
:10B2880000233B617B68002B22D00823DB437A68CC
:10B298009A421BD808227B6813447B607B6803F0C2
:10B2A8000703002B14D07B6803F00703C3F10803DE
:10B2B800FB60FB68DB437A689A4204D87A68FB68CB
:10B2C80013447B6004E000237B6001E000237B6083
:10B2D800FDF732FF634B1B68002B01D100F02EF9FC
:10B2E8007B68002BC0F2AE807B68002B00F0AA8040
:10B2F8005D4B1B687A689A4200F2A4805B4BBB6185
:10B308005A4B1B68FB61FB69594A934205D3FB6999
:10B31800584A934201D8012300E00023002B19D199
:10B3280000F00AFC00BFFDE7FB69BB61FB691B6815
:10B33800FB61FB694E4A934205D3FB694D4A934230
:10B3480001D8012300E00023002B03D100F0F4FB17
:10B3580000BFFDE7FB695B687A689A4203D9FB691D
:10B368001B68002BE0D13F4B1B68FA699A4269D0F1
:10B37800BB691B68082213447B617B693C4A934282
:10B3880005D37B693B4A934201D8012300E000239F
:10B39800002B03D100F0D0FB00BFFDE7FB691A6862
:10B3A800BB691A60FB695B687A689A4203D900F046
:10B3B800C3FB00BFFDE7FB695A687B68D21A082304
:10B3C8005B009A421CD9FA697B681344BB60BB686E
:10B3D80003F00703002B03D000F0AEFB00BFFDE72E
:10B3E800FB695A687B68D21ABB685A60FB697A683D
:10B3F8005A60BB691A68BB681A60BB69BA681A6088
:10B40800194B1A68FB695B68D31A174A1360164B05
:10B418001A68194B1B689A4203D2134B1B68164AC9
:10B428001360FB695B683B61FB695B6843F0004242
:10B43800FB695A60FB6900221A60104B1B680133D4
:10B448000E4A1360FDF786FE7B6903F00703002BA5
:10B4580003D000F071FB00BFFDE77B691846203779
:10B46800BD4680BD90080520940805208808052061
:10B478008808042087080520980805209C080520CE
:10B4880080B584B000AF78607B68FB607B68002B78
:10B4980048D008235B42FA681344FB60FB68BB6032
:10B4A800BB68224A934205D3BB68214A934201D81C
:10B4B800012300E00023002B03D100F03DFB00BF77
:10B4C800FDE7BB685B68002B03DB00F035FB00BFC2
:10B4D800FDE7BB681B68002B03D000F02DFB00BF05
:10B4E800FDE7BB685B68002B1CDABB681B68002B98
:10B4F80018D1BB685B6823F00042BB685A60FDF74F
:10B508001BFEBB685A680B4B1B681344094A13603F
:10B51800B86800F06DF8084B1B680133064A1360E1
:10B52800FDF718FE00BF1037BD4680BD880804200F
:10B538008708052094080520A008052080B485B058
:10B5480000AF4FF48033BB60244BFB60FB6803F013
:10B558000703002B0CD0FB680733FB60FB6823F064
:10B568000703FB60BA68FB68D31A1C4A1344BB6024
:10B57800FB681B4A13601A4B00225A60FA68BB68C2
:10B5880013447B6008227B689B1A7B607B6823F0EE
:10B5980007037B607B68134A1360124B1B68002209
:10B5A8005A60104B1B6800221A60FB683B603B68BE
:10B5B8007A68D21A3B685A600A4B1A683B681A6064
:10B5C8003B685B68084A13603B685B68074A13601E
:10B5D80000BF1437BD465DF8047B70478808042017
:10B5E800880805209008052098080520940805205B
:10B5F80080B584B000AF7860314BFB6002E0FB6837
:10B608001B68FB60FB681B687A689A42F7D8FB687E
:10B618002B4A934210D0FB682A4A934205D3FB6811
:10B62800294A934201D8012300E00023002B03D1CB
:10B6380000F082FA00BFFDE7FB68BB60FB685B684F
:10B64800BA6813447A689A4208D1FB685A687B68DA
:10B658005B681A44FB685A60FB687B607B68BB6068
:10B668007B685B68BA681A44FB681B689A4218D101
:10B67800FB681A68154B1B689A420DD07B685A689C
:10B68800FB681B685B681A447B685A60FB681B6828
:10B698001A687B681A6008E00C4B1A687B681A60A5
:10B6A80003E0FB681A687B681A60FA687B689A424C
:10B6B80002D0FB687A681A6000BF1037BD4680BDAB
:10B6C8008808052088080420870805209008052098
:10B6D80080B400AF0B4B04221A600B4B00221A6097
:10B6E8000A4B1B680A4AA2FB03239B09094A013B30
:10B6F8001360044B07221A6000BFBD465DF8047B47
:10B70800704700BF10E000E018E000E000000420EF
:10B71800D34D621014E000E080B582B000AF002382
:10B728007B600A4B1B68B3F1FF3F03D000F004FABB
:10B7380000BFFDE700F000FA00BF7B68002BFCD0DB
:10B7480000BF00BF0837BD4680BD00BFA408052064
:10B7580080B400AF084B1B68074A43F470031360BA
:10B76800064B1B68054A43F04043136000BFBD46C3
:10B778005DF8047B704700BF88ED00E034EF00E01F
:10B7880080B400AF064B4FF080521A60BFF34F8F62
:10B79800BFF36F8F00BFBD465DF8047B704700BFE5
:10B7A80004ED00E080B500AF00F0C6F9054B1B685A
:10B7B8000133044A1360BFF34F8FBFF36F8F00BF8D
:10B7C80080BD00BFA408052080B500AF0A4B1B68E8
:10B7D800002B03D100F0B0F900BFFDE7064B1B6852
:10B7E800013B054A1360044B1B68002B02D1002063
:10B7F80000F0AFF900BF80BDA408052080B582B075
:10B8080000AFF6F75FF9FEF7A3F90346012B0ED058
:10B8180000F092F97860FDF7B3FD0346002B03D0E2
:10B82800054B4FF080521A60786800F092F900BF1B
:10B838000837BD4680BD00BF04ED00E080B584B088
:10B8480000AF78607B689B69FB60FB68023B1B78F4
:10B85800FB72FB7A662B04D1FFF77AFF00F042F9FE
:10B8680003E000F069F900BFFDE700BF1037BD46EF
:10B8780080BD000080B485B000AFF860B9607A6020
:10B888003B60FB68043BFB60FB684FF080721A600A
:10B89800FB68043BFB607A68FB681A60FB68043B42
:10B8A800FB60384AFB681A60FB68043BFB60FB6876
:10B8B8004FF012321A60FB68043BFB60FB684FF0E4
:10B8C80003321A60FB68043BFB60FB684FF00232EE
:10B8D8001A60FB68043BFB60FB684FF001321A609A
:10B8E800FB68043BFB603A68FB681A60FB68043B32
:10B8F800FB60FB684FF011321A60FB68043BFB6089
:10B90800FB684FF010321A60FB68043BFB60FB6871
:10B918004FF009321A60FB68043BFB60FB684FF08C
:10B9280008321A60FB68043BFB60FB684FF0073283
:10B938001A60FB68043BFB60FB684FF006321A6034
:10B94800FB68043BFB60FB684FF005321A60FB683C
:10B95800043BFB60FB684FF004321A60FB68043B51
:10B96800FB60FB686FF043021A60FB68043BFB60F6
:10B97800BA68FB681A60FB6818461437BD465DF85C
:10B98800047B704721B7100880B500AF00F040F87D
:10B99800FFF79EFE054B00221A6000F0BDF8FDF788
:10B9A80009FEFFF7B9FE0023184680BDA40805204C
:10B9B80080B582B000AFEFF305837B607B680F2B07
:10B9C8000DD90F4A7B6813441B78FB700D4B1B780D
:10B9D800FA789A4203D200F0AFF800BFFDE70A4BAD
:10B9E8001B6803F4E062094B1B689A4203D900F014
:10B9F800A3F800BFFDE700BF0837BD4680BD00BF04
:10BA0800F0E300E0A80805200CED00E0AC080520F4
:10BA180080B582B000AF00237B602E4B4FF07F4291
:10BA28001A602C4B1B681B0EDBB2FB70FB78DBB279
:10BA380003F05003DAB2284B1A70274B1B78002BFF
:10BA480003D100F079F800BFFDE7FB78DBB2DB43F8
:10BA5800DBB203F05003DBB2002B0BD000F06CF824
:10BA680000BFFDE77B6801337B60FB78DBB25B00DE
:10BA7800DBB2FB70FB78DBB203F08003802BF1D0E4
:10BA88007B68082B03D1154B00221A6004E07B6801
:10BA9800C3F10703114A1360104B1B681B020F4ABE
:10BAA80013600E4B1B6803F4E0630C4A13600C4BE5
:10BAB8001B680B4A43F47F031360094B1B68084A51
:10BAC80043F07F431360034B00221A6000BF08371E
:10BAD800BD4680BD1CED00E0A8080520AC08052087
:10BAE80020ED00E00B4A1168086806C881F30B884E
:10BAF800EFF3148151F0020181F31488203080F3B0
:10BB08000988BFF36F8F4FF0000080F3118810474A
:10BB180000BF0000F005042006480068006880F3B4
:10BB2800088862B661B6BFF34F8FBFF36F8F66DFC9
:10BB380000BF00BF08ED00E0EFF311804FF05001A7
:10BB480081F31188BFF34F8FBFF36F8F704700BF2A
:10BB5800184680F31188BFF34F8FBFF36F8F70477C
:10BB680000BF0000EFF309801EF0100F08BF20EDA2
:10BB7800108AEFF30B82734620E9FC0F104A116814
:10BB880008604FF0500080F31188BFF34F8FBFF368
:10BB98006F8FFDF70FFD4FF0000080F31188084A02
:10BBA80011680868B0E8FC0F13F0100F08BFB0EC7C
:10BBB800108A82F30B8880F30988184700BF0000B9
:10BBC800F00504201EF0040F0CBFEFF30880EFF31C
:10BBD80009800149084700BF45B8100880B485B0FE
:10BBE80000AFF860B9607A60FB68074A1A60BB6802
:10BBF800064A1A607B6880221A6000BF1437BD4667
:10BC08005DF8047B704700BFB00805200C090520CB
:10BC180080B485B000AFF860B9607A60FB68074A05
:10BC28001A60BB68064A1A607B6880221A6000BFE7
:10BC38001437BD465DF8047B704700BF0C0B052028
:10BC4800680B052080B400AF00BFBD465DF8047BDB
:10BC58007047000080B584B000AFF860B9607A60C2
:10BC6800FB68002B01D100232EE068220021F86830
:10BC780005F008FCFB6800221A70FB6800225A7065
:10BC88007B68002B01D07B6801E041F28833FA68B9
:10BC98005360FB6842F21072DA60BB68002B07D071
:10BCA800FB6848330F22B968184605F0F3FB06E035
:10BCB800FB6848330F220649184605F0EBFBFB6882
:10BCC800002283F85720012318461037BD4680BD4F
:10BCD8004C24110880B582B000AF786039607B6869
:10BCE800002B09D03B68002B06D07B681033382224
:10BCF8003968184605F055FC00BF0837BD4680BDB9
:10BD080080B485B000AF786039607B68002B47D07D
:10BD18007B689A683B681A447B689A607B681B78E2
:10BD2800002B29D17B689A687B685B689A4238D374
:10BD38007B6800229A607B685B785A1C1B4B83FBEC
:10BD480002131344D910D317C91A0B461B015B1AE7
:10BD5800D11A0B46FB737B6893F8583083F00103C4
:10BD6800DBB2002B04D0FB7B0E2B01D10023FB732D
:10BD78007B68FA7B5A7014E07B681B78012B10D122
:10BD88007B689A687B68DB689A420AD37B680022E2
:10BD98009A607B6800221A707B6800225A7000E063
:10BDA80000BF1437BD465DF8047B704789888888D2
:10BDB80080B584B000AFF860B9607A603B60BB685A
:10BDC800002B00F0AA807B68002B00F0A6803B685F
:10BDD800002B00F0A280BB69002B00F09E80FB685E
:10BDE80003F00103002B02D1FB68002B0AD14D4A56
:10BDF8007968B86805F03AFA4B4AB969386805F0C5
:10BE080035FA8BE0FB6803F01003002B0AD0474A91
:10BE18007968B86805F02AFA454AB969386805F0BA
:10BE280025FA7BE0FB6803F00203002B0AD0414AA5
:10BE38007968B86805F01AFA3F4AB969386805F0B0
:10BE480015FA6BE0FB6803F04003002B0AD0394A6F
:10BE58007968B86805F00AFA384AB969386805F0A7
:10BE680005FA5BE0FB6803F08003002B0AD0314A37
:10BE78007968B86805F0FAF9314AB969386805F09F
:10BE8800F5F94BE0FB6803F00803002B0AD0294AB8
:10BE98007968B86805F0EAF92A4AB969386805F096
:10BEA800E5F93BE0FB6803F02003002B0AD0214AA8
:10BEB8007968B86805F0DAF9234AB969386805F08D
:10BEC800D5F92BE0FB6803F00403002B0AD0194ACC
:10BED8007968B86805F0CAF91C4AB969386805F084
:10BEE800C5F91BE0FB6803F48073002B0AD0114AE4
:10BEF8007968B86805F0BAF9154AB969386805F07B
:10BF0800B5F90BE00B4A7968B86805F0AFF9064A4D
:10BF1800B969386805F0AAF900E000BF1037BD46D6
:10BF280080BD00BF5824110860241108642411083A
:10BF38006C241108742411087C2411088424110825
:10BF48008C241108942411089C241108A424110895
:10BF5800AC24110880B584B000AFF860B9607A608D
:10BF68003B60BB68002B6BD07B68002B68D03B68BC
:10BF7800002B65D0BB69002B62D0334A7968B8685A
:10BF880005F074F9FB6803F00103002B05D02F4A74
:10BF9800B969386805F06AF953E0FB6803F00203F1
:10BFA800002B05D02A4AB969386805F05FF948E0DE
:10BFB800FB6803F00403002B05D0264AB9693868EA
:10BFC80005F054F93DE0FB6803F00803002B05D0A9
:10BFD800214AB969386805F049F932E0FB6803F08D
:10BFE8001003002B05D01D4AB969386805F03EF9E1
:10BFF80027E0FB6803F02003002B05D0184AB96935
:10C00800386805F033F91CE0FB6803F04003002BA7
:10C0180005D0144AB969386805F028F911E0FB68B9
:10C0280003F08003002B05D00F4AB969386805F082
:10C038001DF906E0044AB969386805F017F900E007
:10C0480000BF1037BD4680BD60241108B424110814
:10C05800BC241108C4241108CC241108D4241108C4
:10C06800DC241108E4241108EC241108B0B590B0C0
:10C0780002AF786039607B68002B00F0C8833B68AA
:10C08800002B00F0C48352220021386805F0FAF929
:10C09800B74B7B633B68012283F840207B6893F8A9
:10C0A80058203B6883F841207B6893F85830002B70
:10C0B80007D03B684233AF4A0621184605F0D6F848
:10C0C80006E03B684233AC4A0621184605F0CEF834
:10C0D8007B685B780E2B00F2718301A252F823F083
:10C0E80025C110085BC11008B1C1100807C21008AB
:10C0F8005DC21008BBC2100819C31008D9C31008C4
:10C1080037C41008A7C4100817C510086DC5100853
:10C11800C9C510082FC6100815C71008974B7B63B0
:10C128003B682033964A0621184605F09FF83B687D
:10C1380003F126007B684833924A102105F096F8EF
:10C148003B68002283F836203B68002283F84020B1
:10C1580049E38D4B7B633B6820338C4A06211846A4
:10C1680005F084F83B6803F126007B681B69884A60
:10C17800A2FB0323DC087B681969854BA3FB012319
:10C18800DA0813469B0013445B00CA1A0092234640
:10C19800804A102105F06AF83B6836337E4A0A2146
:10C1A800184605F063F81EE37C4B7B633B6820333D
:10C1B8007B4A0621184605F059F83B6803F126002A
:10C1C8007B685B69724AA2FB0323DC087B685969B8
:10C1D8006F4BA3FB0123DA0813469B0013445B0053
:10C1E800CA1A009223466B4A102105F03FF83B68B3
:10C1F8003633694A0A21184605F038F8F3E2694BE4
:10C208007B633B682033684A0621184605F02EF800
:10C218003B6803F126007B689B695D4AA2FB032308
:10C22800DC087B6899695A4BA3FB0123DA0813469B
:10C238009B0013445B00CA1A00922346554A1021FA
:10C2480005F014F83B683633534A0A21184605F0BE
:10C258000DF8C8E2554B7B633B682033544A0621EE
:10C26800184605F003F83B6803F126007B68DB6994
:10C27800504AA2FB032399097B68DA694D4BA3FB5B
:10C2880002439B094FF47A7404FB03F3D31A404A20
:10C29800A2FB0323DB0800930B46474A102104F056
:10C2A800E5FF3B683633454A0A21184604F0DEFFAD
:10C2B80099E2434B7B633B682033424A0621184688
:10C2C80004F0D4FF3B6803F126007B681B6A394AF7
:10C2D800A2FB032399097B681A6A364BA3FB024326
:10C2E8009B094FF47A7404FB03F3D31A284AA2FB80
:10C2F8000323DB0800930B462F4A102104F0B6FFF6
:10C308003B6836332D4A0A21184604F0AFFF6AE22B
:10C318002D4B7B633B6820332C4A0621184604F0DA
:10C32800A5FF3B6803F126007B685B6A214AA2FBF4
:10C33800032399097B685A6A1E4BA3FB02439B0996
:10C348004FF47A7404FB03F3D31A114AA2FB0323B4
:10C35800DB0800930B46184A102104F087FF3B685E
:10C368003633164A0A21184604F080FF3BE200BF24
:10C37800AC261108B4261108BC261108C0261108DD
:10C38800C826110820251108CC261108D426110822
:10C39800CDCCCCCCD8261108E0261108E42611080B
:10C3A800EC261108F0261108F8261108FC261108B9
:10C3B80004271108D34D6210082711081427110803
:10C3C8001827110820271108242711082C271108DD
:10C3D800B24B7B633B682033B14A0621184604F010
:10C3E80045FF3B6803F126007B689B6AAD4AA2FBC8
:10C3F800032399097B689A6AAA4BA3FB02439B090A
:10C408004FF47A7404FB03F3D31AA74AA2FB03235D
:10C41800DB0800930B46A54A102104F027FF3B6870
:10C428003633A34A0A21184604F020FFDBE1A14B6A
:10C438007B633B682033A04A0621184604F016FFA8
:10C448007B68DB6ABB62BB6A002BB8BF5B427B625E
:10C458003B6803F12600BB6A002B01DA974C00E029
:10C46800974C7B6A8F4AA2FB032399097A6A8D4B02
:10C47800A3FB02539B094FF47A7505FB03F3D31A08
:10C488000193009123468F4A102104F0EFFE3B6888
:10C4980036338D4A0A21184604F0E8FEA3E18B4B97
:10C4A8007B633B6820338A4A0621184604F0DEFE87
:10C4B8007B681B6B3B633B6B002BB8BF5B42FB622B
:10C4C8003B6803F126003B6B002B01DA7B4C00E054
:10C4D8007B4CFB6A734AA2FB03239909FA6A714BE6
:10C4E800A3FB02539B094FF47A7505FB03F3D31A98
:10C4F800019300912346734A102104F0B7FE3B686C
:10C508003633744A0A21184604F0B0FE6BE1724BC8
:10C518007B633B682033714A0621184604F0A6FE67
:10C528003B6803F126007B685B6B5E4AA2FB032332
:10C5380099097B685A6B5B4BA3FB02439B094FF439
:10C548007A7404FB03F3D31A00930B46644A102150
:10C5580004F08CFE3B683633624A0A21184604F020
:10C5680085FE40E1604B7B633B6820335F4A0621D0
:10C57800184604F07BFE3B6803F126007B681B8F9E
:10C58800484AA2FB03239B099BB21C467B681B8F6E
:10C59800444AA2FB031292094FF47A7101FB02F29A
:10C5A8009B1A9BB2009323464D4A102104F05EFE6D
:10C5B8003B6836334E4A0A21184604F057FE12E10A
:10C5C8004C4B7B633B6820334B4A0621184604F0EA
:10C5D8004DFE3B6803F126007B685B8F314AA2FB66
:10C5E80003239B099BB21C467B685B8F2D4AA2FBE9
:10C5F800031292094FF47A7101FB02F29B1A9BB263
:10C60800294AA2FB0323DB089BB200932346274A4F
:10C61800102104F02BFE3B683633384A0A211846AD
:10C6280004F024FEDFE0364B7B633B682033354A59
:10C638000621184604F01AFE3B6803F126047B68BD
:10C64800D3E910014FF47A724FF00003F3F71EFF9D
:10C6580002460B4615467B68D3E910014FF47A72FF
:10C668004FF00003F3F712FF104619464FF00A0285
:10C678004FF00003F3F70AFF02460B4613460093F8
:10C688002B460A4A1021204604F0F0FD3B68363359
:10C698001D4A0A21184604F0E9FDA4E030271108D4
:10C6A80038271108D34D6210CDCCCCCC08271108FF
:10C6B800142711083C271108442711086024110881
:10C6C800BC251108482711085427110858271108B4
:10C6D80060271108642711086C27110874271108AE
:10C6E80024261108782711087C27110884271108A7
:10C6F800882711088C2711089427110898271108F2
:10C708009C271108A4271108A8271108424B7B630E
:10C718003B682033414A0621184604F0A7FD3B68D0
:10C72800002283F840203E4A07F1140392E80300F0
:10C7380018600433198007F11A0300221A605A603E
:10C748001A812D23BB6007F10C0300221A609A801E
:10C758007B68DB6D002B07D17B68DB6D002B0FD16D
:10C768007B681B6E002B0BD17B68D86D07F1080323
:10C7780007F114010A2200921022FFF719FB0AE0C0
:10C788007B68186E07F1080307F114010A2200926A
:10C798001022FFF7DFFB3B6803F1260007F11403C3
:10C7A800204A102104F062FD3B6803F1360007F1CE
:10C7B80008031C4A0A2104F059FD14E01A4B7B6354
:10C7C8003B682033194A0621184604F04FFD3B68A0
:10C7D8002633174A1021184604F048FD3B6800220A
:10C7E80083F8362000BF3B6803F148007B6B0D4A95
:10C7F8000A2104F03BFD38683B6803F142027B6B79
:10C80800009313460B4A202104F030FD00E000BFDE
:10C818003837BD46B0BD00BFAC271108B427110892
:10C828009C26110820251108AC261108B8271108E4
:10C8380098261108BC27110880B483B000AF78602F
:10C84800044A7B68136000BF0C37BD465DF8047B63
:10C85800704700BF680D052080B483B000AF034661
:10C86800FB71064AFB791370054B01221A7000BF51
:10C878000C37BD465DF8047B704700BF6C0D052082
:10C888006D0D052080B400AF034B1B78DBB2184652
:10C89800BD465DF8047B70476C0D052080B582B0FD
:10C8A80000AF78603960094B1B68002B0AD0074B32
:10C8B8001B689B68002B05D0044B1B689B68396874
:10C8C8007868984700BF0837BD4680BD680D0520C9
:10C8D80080B5C6B004AF07F58473A3F582731860FA
:10C8E800644B1B68002B08D0624B1B681B68002B2D
:10C8F80003D0604B1B681B68984707F198034FF4F7
:10C90800FA625D491846FFF7A5F907F16003382276
:10C918000021184604F0B6FD4FF4FA63C7F8043155
:10C92800002387F80331554B1B78DBB2002B20D04E
:10C93800524B00221A700023C7F80431504B1B7861
:10C94800DBB287F8F0304E4B1B78DBB2002B06D0F9
:10C958000123C7F8F4300E2387F8993005E0002347
:10C96800C7F8F430002387F89930012387F803319A
:10C9780011E0D7F80431B3F5FA6F0CD30023C7F8E8
:10C98800043107F198034FF4FA611846FFF7B8F934
:10C99800012387F8033197F80331002B60D007F1A2
:10C9A8006003184600F090FA07F1600207F1980357
:10C9B80011461846FFF78EF9314B1B78DBB287F822
:10C9C800F0302F4B1B78DBB2002B07D0D7F8F430B0
:10C9D800002B03D10123C7F8F4300AE0284B1B7859
:10C9E800DBB283F00103DBB2002B02D00023C7F8CF
:10C9F800F43007F10C0207F1980311461846FFF7C7
:10CA080035FB1C4B1B68002B0BD01A4B1B685B6853
:10CA1800002B06D0174B1B685B6807F10C02104609
:10CA2800984797F89930184697F84D30002B01D061
:10CA3800144B00E0144B07F10C0202F1480107F116
:10CA48000C022032029307F10C033633019307F1ED
:10CA58000C03263300930B4601460C4804F096FB62
:10CA68006420FCF799FAD7F804316433C7F8043125
:10CA780056E700BF680D0520D02711086D0D052069
:10CA88006C0D0520E0271108F0271108F827110878
:10CA980080B582B000AF78607B68002B06D04FF479
:10CAA800FA720021786804F0EDFC00E000BF083756
:10CAB800BD4680BD80B487B000AFF8607B600B4690
:10CAC8007B8113467B72FB68002B01D1002367E052
:10CAD800FB681B687B617B7A002B06D0FB681A68B1
:10CAE8007B891A43FB681A6006E0FB681A687B8931
:10CAF800DB431A40FB681A60FB681B687A699A4234
:10CB08004DD0FB68D3F8E8311B010833FA681344A9
:10CB18003B613B697A681A603B697A899A803B690C
:10CB28007A7A9A71FB681A683B69DA60FB68D3F80D
:10CB3800E831591C1D4BA3FB01231A0913461B019D
:10CB48009B1A5B00CA1AFB68C3F8E821FB68D3F894
:10CB5800EC311D2B06D8FB68D3F8EC315A1CFB6866
:10CB6800C3F8EC21FB685B685A1CFB685A60FB68D9
:10CB78001B68002B14BF01230023DAB2FB6883F87B
:10CB8800F1217B7A002B08D07B8903F0E303002B8B
:10CB980003D0FB68012283F8F021012300E0002381
:10CBA80018461C37BD465DF8047B7047898888881D
:10CBB80080B483B000AF0346FB71FB79013B082BBF
:10CBC80027D801A252F823F0F9CB1008F5CB1008AA
:10CBD800FDCB100801CC100805CC100809CC1008B2
:10CBE8000DCC100811CC100815CC1008012311E049
:10CBF80002230FE004230DE010230BE0082309E0D3
:10CC0800402307E0802305E0202303E04FF48073EE
:10CC180000E0002318460C37BD465DF8047B7047DA
:10CC280080B584B000AF7860184B1B687A68D31A57
:10CC3800FA2B26D9154A7B681360154B1B78002BF5
:10CC480014BF01230023DBB283F00103DBB203F03E
:10CC58000103DAB20E4B1A700D4B1B781846FFF71A
:10CC6800FBFD7B680B4AA2FB03239B09BB600223E5
:10CC78003B73074B1B787B7307F10803184600F0DA
:10CC880047F800BF1037BD4680BD00BF700D0520B6
:10CC9800740D0520D34D621080B500AF1348FFF71F
:10CCA800F7FE134800F05CFB4FF4FA621149124892
:10CCB800FEF7D0FF002208210A20FDF771FA03468B
:10CCC8000E4A13600120FDF7F3FA03460C4A13607D
:10CCD800064800F0C5FB0B4B1B6819460A4802F0D2
:10CCE8007EFA0A4804F0BAFA00BF80BD800D05201C
:10CCF800780F052034281108C82E0520780D052046
:10CD08007C0D052058320520302F052044281108B5
:10CD180080B584B000AF78607B68002B01D1002318
:10CD28001DE0114B1B68002B01D1002317E00023E5
:10CD3800BB600D4B186807F1080200237968FDF7FE
:10CD48009CFBF860BB68002B03D0084B4FF0805267
:10CD58001A60FB68012B0CBF01230023DBB21846C5
:10CD68001037BD4680BD00BF780D052004ED00E0FA
:10CD78002DE9F04F83B000AF7860396079680029F9
:10CD880001D100234CE029490968002901D1002379
:10CD980046E026490E68396800200C4605462046BC
:10CDA80029464FF0000A4FF0000B4FEA411B4BEAAF
:10CDB800D06B4FEA401A50465946021B61EB0503F7
:10CDC8004FF000004FF00001990041EA9271900085
:10CDD80002460B4612EB040843EB05094FF000022C
:10CDE8004FF000034FEAC90343EA58734FEAC802F9
:10CDF80090469946404649464FF47A724FF00003F0
:10CE0800F3F744FB02460B4613461A467968304648
:10CE1800FDF7B8FB0346012B0CBF01230023DBB24F
:10CE280018460C37BD46BDE8F08F00BF780D0520C9
:10CE380080B483B000AF7860044A7B68136000BF99
:10CE48000C37BD465DF8047B704700BF9C32052057
:10CE5800B0B582B000AF78607B68002B2AD0174B42
:10CE68001B68002B06D0154B1B684FF0FF31184686
:10CE7800FDF744FC124A7B6814461D460FCD0FC4CB
:10CE88000FCD0FC40FCD0FC495E8030084E803004D
:10CE98000C4B01221A70786800F018FF074B1B68CA
:10CEA800002B08D0054B1868002300220021FDF74D
:10CEB80017FA00E000BF0837BD46B0BD7C0D05205D
:10CEC8006032052098320520B0B582B000AF786096
:10CED8007B68002B06D0194B1B7883F00103DBB26B
:10CEE800002B01D0002324E0154B1B68002B06D033
:10CEF800134B1B684FF0FF311846FDF7FFFB7B68AB
:10CF0800104A1C4615460FCD0FC40FCD0FC40FCDC8
:10CF18000FC495E8030084E80300094B1B68002B45
:10CF280006D0074B1868002300220021FDF7D8F926
:10CF3800012318460837BD46B0BD00BF983205200A
:10CF48007C0D05206032052080B500AF064B1B68BC
:10CF5800002B06D0044B1B684FF0FF311846FDF735
:10CF6800CDFB00BF80BD00BF7C0D052080B500AFA4
:10CF7800064B1B68002B06D0044B186800230022C0
:10CF88000021FDF7ADF900BF80BD00BF7C0D052075
:10CF980080B584B000AF78600E4804F05FF90023D4
:10CFA800FB73FFF76FFC0346BB73BA7BFB7B9A42AC
:10CFB8000BD0BB7BFB73BB7B002B03D0064804F074
:10CFC8004DF902E0054804F049F96420FBF7E4FF55
:10CFD800E7E700BF9C281108D02811080C29110880
:10CFE80080B5A6B000AF78602E4804F037F907F195
:10CFF800580338220021184604F044FA0023C7F8E1
:10D008009430294B1B68002B0AD0274B1B6807F16B
:10D0180058021046984707F158031846FFF718FFBB
:10D02800D7F894300133C7F89430D7F89430B3F573
:10D03800617F31D30023C7F8943007F108035022E9
:10D048000021184604F01EFAB7F88230BB60BB6DA9
:10D058009BB2BB81FB6D9BB2FB813B6E9BB23B825B
:10D068007B6E7B61BB6EBB61FB6EFB613B6F3B62A2
:10D078007B6F7B62BB6FBB62B7F88030BB85D7E93B
:10D088002223C7E90C2307F108031946074800F0D3
:10D0980079F9074804F0E2F84FF47A70FBF77CFF5F
:10D0A800AFE700BF442911089C320520780F0520FE
:10D0B8008829110880B483B000AF7860044A7B687F
:10D0C800136000BF0C37BD465DF8047B704700BF96
:10D0D8005832052080B582B000AF786039603A6870
:10D0E8007968034802F0A3F800BF0837BD4680BD41
:10D0F800302F052080B586B002AF78607B68002BA2
:10D1080035D07B681B79FB737B685B79BB737B6865
:10D118001968BB7BFA7B184800F06CFF7B685B7969
:10D12800002B03D0FB7B184600F0D0FEFB7B184693
:10D13800FFF73EFD0346BB817B685A797B681B6815
:10D14800B9890E48FFF7B6FC0C4800F079F97B68FE
:10D158001B791846BA7B7B681968094BD3F80C31E0
:10D1680000930B460146074804F010F800E000BFA2
:10D178001037BD4680BD00BF442F0520800D052017
:10D18800302F0520C829110880B584B000AF786019
:10D19800124804F063F8124B93F8243383F0010328
:10D1A800DBB2002B05D00F4B1B6819460C4802F068
:10D1B80016F80B4802F065F807F108030021184635
:10D1C800FFF7D6FD0346002B04D007F108031846E5
:10D1D800FFF790FF0A20FBF7DFFEEAE7202A110895
:10D1E800302F05205832052080B584B002AF0123C6
:10D1F8007B60002301930423009300234FF4807283
:10D2080027492848FBF784FD0346012B04D026480C
:10D2180004F024F800237B60002301930323009388
:10D2280000234FF4007221492148FBF771FD0346A2
:10D23800012B04D01F4804F011F800237B60002361
:10D2480001930223009300234FF480621A491B487C
:10D25800FBF75EFD0346012B04D0194803F0FEFFDF
:10D2680000237B60002301930123009300234FF4E4
:10D27800007214491448FBF74BFD0346012B04D0F8
:10D28800124803F0EBFF00237B607B68012B0CBF87
:10D2980001230023DBB218460837BD4680BD00BF16
:10D2A800582A110899CF1008642A1108882A1108E9
:10D2B800E9CF1008942A1108B82A110891D110084A
:10D2C800C42A1108E82A1108D9C81008F42A110834
:10D2D80080B489B000AF78607B68002B01D100234F
:10D2E80038E07B683B614C23FB604FF6FF73FB83A0
:10D2F8000023BB6129E03A69BB6913441B781BB260
:10D308001B021AB2B7F91E3053401BB2FB8300232D
:10D31800FB7514E0B7F91E30002B0ADAB7F91E3096
:10D328005B001BB283F4815383F001031BB2FB83C0
:10D3380002E0FB8B5B00FB83FB7D0133FB75FB7D10
:10D34800072BE7D9BB690133BB61BA69FB689A420D
:10D35800D1D3FB8B18462437BD465DF8047B704754
:10D3680080B582B000AF78607B68002B06D041F6AC
:10D3780050720021786804F085F800E000BF083793
:10D38800BD4680BD80B582B000AF786039607B68EB
:10D39800002B02D03B68002B01D100234AE03868FB
:10D3A800FFF796FF03461A463B68A3F84C207B68B4
:10D3B80003F58053D3F8402F796813469B00134434
:10D3C8001B01CA183B681046194650231A4604F038
:10D3D800E8F87B6803F58053D3F8403F5A1C174B95
:10D3E800A3FB02135B09642101FB03F3D31A7A68D8
:10D3F80002F58052C2F8403F7B6803F58053D3F8AA
:10D40800443F632B0AD87B6803F58053D3F8443F25
:10D4180001337A6802F58052C2F8443F7B6803F50D
:10D428008053D3F8483F01337A6802F58052C2F836
:10D43800483F012318460837BD4680BD1F85EB517C
:10D4480080B483B000AF78607B68002B01D10023E3
:10D4580000E0012318460C37BD465DF8047B704791
:10D4680080B584B000AF78607B68002B01D10023C1
:10D4780008E0064BFB604FF4FA72F968786804F02C
:10D4880090F8012318461037BD4680BD00201F08BC
:10D4980080B483B000AF7860054A7B681360054BA1
:10D4A80000221A7000BF0C37BD465DF8047B704738
:10D4B800A0320520A432052080B584B000AFF86002
:10D4C800B9607A600D4B1B78DBB2002B01D07B680A
:10D4D80010E00B4B1B68002B0BD0BB68002B08D04F
:10D4E8007B68002B05DD064B1B687A681146B86817
:10D4F80098477B6818461037BD4680BDA432052082
:10D50800A032052080B584B000AFF860B9607A60B9
:10D51800104803F0A3FEFB68002B01D0FB6800E075
:10D528000D4B19460D4803F031FEBB68002B01D0A6
:10D53800BB6800E00A4B19460A4803F027FE7968E1
:10D54800094803F023FE094803F088FE00BF10379E
:10D55800BD4680BD182B11084C2B1108742B1108DF
:10D56800842B1108982B1108B02B1108E42B1108F3
:10D5780080B483B000AF78607B68002B01D10123B1
:10D5880013E07B6800221A707B6800225A807B684F
:10D5980001229A807B6847F230529A607B680022A9
:10D5A800DA607B6801221A74002318460C37BD46DE
:10D5B8005DF8047B704780B487B000AFF8607A608C
:10D5C8003B600B46FB72FB68002B01D1012358E03E
:10D5D800FB681B78002B02D0022B32D049E0FB7A83
:10D5E800012B26D11023FB827B68002B0ED03B68D1
:10D5F800012B0BD97B681B781BB21B021AB27B6804
:10D6080001331B781BB213431BB2FB82FB8A102B1E
:10D618000AD1FB6802221A70FB68FA8A5A80FB68F2
:10D6280001221A7400232CE0FB6800221A700423DC
:10D6380027E0FB7A022B02D0FB7A032B1DD10323B0
:10D648001FE0FB7A022B01D100231AE0FB7A032B9F
:10D6580001D1042315E0FB7A042B05D0FB7A052BB6
:10D6680002D0FB7A062B0AD1FB6800221A7000232D
:10D6780007E0FB6800221A7002E000BF00E000BF6C
:10D68800032318461C37BD465DF8047B704780B4F9
:10D6980083B000AF78607B68002B01D101230CE0D8
:10D6A8007B680022C3F800227B680022C3F80422AA
:10D6B8007B680022C3F80822002318460C37BD46B1
:10D6C8005DF8047B704780B483B000AF78600B4688
:10D6D800FB707B68002B01D101231EE07B68D3F827
:10D6E8000832B3F5007F01D3062316E07B68D3F830
:10D6F80000327A68F978D1547B68D3F80032013364
:10D70800C3F308027B68C3F800227B68D3F80832A9
:10D718005A1C7B68C3F80822002318460C37BD46FC
:10D728005DF8047B704780B483B000AF78603960DF
:10D738007B68002B02D03B68002B01D101231EE03F
:10D748007B68D3F80832002B01D1072317E07B68E8
:10D75800D3F804327A68D25C3B681A707B68D3F8D5
:10D7680004320133C3F308027B68C3F804227B68E0
:10D77800D3F808325A1E7B68C3F8082200231846DB
:10D788000C37BD465DF8047B704780B487B000AFA6
:10D79800F860B9607A60FB68002B02D07B68002BC8
:10D7A80001D1012316E0FB68D3F80832BA689A421F
:10D7B80001D307230EE0FB68D3F80422BB681344A7
:10D7C800C3F308037B61FA687B6913441A787B68A2
:10D7D8001A70002318461C37BD465DF8047B704755
:10D7E80080B483B000AF78607B68002B03D07B687F
:10D7F800D3F8083200E0002318460C37BD465DF820
:10D80800047B704780B485B000AFF860B9607A6077
:10D81800FB68002B02D07B68002B01D1012323E099
:10D82800BB68032B03D9FB681B78602B01D0052349
:10D838001AE0BB68052B13D9BB68023BFA6813448E
:10D848001B781BB21B021AB2BB68013BF9680B4478
:10D858001B781BB213431BB29AB27B681A8002E092
:10D868007B6810221A80002318461437BD465DF8DD
:10D87800047B704780B487B000AFF860B960134686
:10D88800FB71FB68002B02D0BB680F2B01D800236B
:10D8980046E0FB79002B14BF01230023DBB2FB75A4
:10D8A800FB6861221A70FB6801330E221A70FB684C
:10D8B800023300221A70FB68033307221A70FB68D0
:10D8C800043360221A70FB68053385221A70FB68DE
:10D8D800063374221A70FB68073305221A70FB6836
:10D8E800083308221A70FB68093301221A70FB6892
:10D8F8000A3301221A70FB680B3302221A70FB6884
:10D908000C3301221A70FB680D33FA7D1A70FB681C
:10D918000E3300221A70FB680F3301221A7010238D
:10D9280018461C37BD465DF8047B704780B485B047
:10D9380000AFF860B9607A60FB68002B02D07B68A2
:10D94800002B01D1012345E0BB680B2B08D9FB68EC
:10D958001B78C02B04D1FB6801331B78012B01D045
:10D96800052337E0FB6802331A787B681A70FB6876
:10D9780003331B781BB21B021AB2FB6804331B78F3
:10D988001BB213431BB29AB27B685A80FB680533FB
:10D998001A787B681A71FB6806331A787B685A71A3
:10D9A800FB6807331A787B689A71FB6808331A7822
:10D9B8007B68DA71FB6809331A787B681A72FB682E
:10D9C8000A331A787B685A72FB680B331A787B68BB
:10D9D8009A72002318461437BD465DF8047B7047D9
:10D9E80080B588B000AFF860B96011461A460B469A
:10D9F800FB711346BB71FB68002B02D0BB68072B79
:10DA080001D80023C7E0FB68C4221A70FB68013301
:10DA180001221A70FB680233FA791A70FB68033323
:10DA280000221A70FB680433BA791A700523FB6167
:10DA3800BB79062B30D1FB690433BA689A4202D30A
:10DA4800BB6A002B01D10023A5E0BB6A1B683B61C0
:10DA58003B69190EFB695A1CFA61FA681344CAB289
:10DA68001A703B69190CFB695A1CFA61FA6813446D
:10DA7800CAB21A703B69190AFB695A1CFA61FA683A
:10DA88001344CAB21A70FB695A1CFA61FA68134443
:10DA98003A69D2B21A707DE0BB79122B1FD1FB69AB
:10DAA8000233BA689A4202D3BB6A002B01D1002321
:10DAB80071E0BB6A1B68FB82FB8A1B0A99B2FB698F
:10DAC8005A1CFA61FA681344CAB21A70FB695A1CE4
:10DAD800FA61FA681344FA8AD2B21A705AE0BB792A
:10DAE800092B57D1BB6A002B02D0FB6A002B01D14E
:10DAF800002350E0BB6ABB61BB691B78092B10D1BE
:10DB0800FB6A0433BA689A4201D2002343E0FB68F7
:10DB18000433FA6AB96A184603F043FDFB6A043312
:10DB280039E0FB6A7F2B11D8FA69FB6A1344013389
:10DB3800BA689A4201D200232DE0FB695A1CFA61A7
:10DB4800FA681344FA6AD2B21A7017E0FA69FB6AE3
:10DB580013440233BA689A4201D200231BE0FB69DE
:10DB68005A1CFA61FA68134481221A70FB695A1C1C
:10DB7800FA61FA681344FA6AD2B21A70FA68FB6951
:10DB88001344FA6AB96A184603F00BFDFA69FB6A8E
:10DB98001344FB61FB6918462037BD4680BD80B43D
:10DBA80083B000AF786039607B68002B02D03B6897
:10DBB800002B01D1002329E07B681A783B681B7889
:10DBC8009A421FD17B685A783B685B789A4219D190
:10DBD8007B689A783B689B789A4213D17B68DA789D
:10DBE8003B68DB789A420DD17B681A793B681B79D0
:10DBF8009A4207D17B685A793B685B799A4201D18E
:10DC0800012300E0002303F00103DBB218460C37C0
:10DC1800BD465DF8047B704780B586B000AFB9603B
:10DC28007B600346FB8113467B73BB68002B05D0E2
:10DC38007B68002B02D03B6A002B01D101233FE017
:10DC4800FFF782F900237B6133E01F4A7B691B01E0
:10DC580013441B88FA899A4228D11B4A7B691B0105
:10DC6800134408331B787A7B9A421FD17B691B01C6
:10DC7800154A13440233B9681846FFF790FF034664
:10DC8800002B13D0104A7B691B01134409331A78FF
:10DC98007B681A700C4A7B691B0113440C331A68A1
:10DCA8003B6A1A60FFF762F9002309E07B690133D8
:10DCB8007B611F227B699342C7D3FFF757F904237F
:10DCC80018461837BD4680BD0C00042080B584B0C6
:10DCD80000AF78607B68002B00F0EF800023FB60CA
:10DCE800E5E0FB681B01774A1344BB60BB681B88EF
:10DCF800032B40F0D980BB681B7A022B40F0D480FC
:10DD0800BB681B79202B08D1BB685B79072B04D132
:10DD18007B681A68BB68DA60C6E0BB681B79342B7D
:10DD280008D1BB685B79072B04D17B685A68BB684C
:10DD3800DA60B9E0BB681B79482B08D1BB685B790E
:10DD4800072B04D17B689A68BB68DA60ACE0BB68D3
:10DD58001B791F2B0CD1BB685B79072B08D17B681B
:10DD6800DB68594AA2FB0323DA08BB68DA609BE048
:10DD7800BB681B79332B0CD1BB685B79072B08D1A7
:10DD88007B681B69504AA2FB0323DA08BB68DA6088
:10DD98008AE0BB681B79472B0CD1BB685B79072BE2
:10DDA80008D17B685B69484AA2FB0323DA08BB6891
:10DDB800DA6079E0BB681B795B2B0CD1BB685B79B7
:10DDC800072B08D17B689B693F4AA2FB0323DA082B
:10DDD800BB68DA6068E0BB681B79012B0CD1BB68B3
:10DDE8005B79072B08D17B68DB69002BB8BF5B42E6
:10DDF8001A46BB68DA6057E0BB681B79032B0CD165
:10DE0800BB685B79072B08D17B681B6A002BB8BFFE
:10DE18005B421A46BB68DA6046E0BB681B79092B8F
:10DE280008D1BB685B79072B04D17B685A6ABB6849
:10DE3800DA6039E0BB681B790D2B09D1BB685B79C7
:10DE4800072B05D17B681B8D1A46BB68DA602BE06F
:10DE5800BB681B790E2B0ED1BB685B79072B0AD1E7
:10DE68007B685B8D184AA2FB0323DB089BB21A462A
:10DE7800BB68DA6018E0BB681B79012B14D1BB685A
:10DE88005B79082B10D1BB689B79002B0CD17B6880
:10DE9800D3E90C014FF00A024FF00003F2F7F6FA4B
:10DEA80002460B46BB68DA60FB680133FB601F2241
:10DEB800FB689342FFF415AF00E000BF1037BD4682
:10DEC80080BD00BF0C000420CDCCCCCC80B584B084
:10DED80000AF0346FB71FFF737F80023FB6069E0EA
:10DEE800FB681B01384A1344BB60BB681B88012BC5
:10DEF8005DD1BB681B7A022B59D1BB689B78002B7C
:10DF080055D1BB68DB78002B51D1BB681B79602BDE
:10DF18004DD1BB685B79142B49D1BB689B79002B29
:10DF280005D1BB68DB685A1CBB68DA603FE0FB7947
:10DF3800022B09D1BB689B79012B05D1BB68DB6833
:10DF48005A1CBB68DA6032E0FB79012B09D1BB6847
:10DF58009B79052B05D1BB68DB685A1CBB68DA6066
:10DF680025E0FB79032B09D1BB689B791A2B05D1D6
:10DF7800BB68DB685A1CBB68DA6018E0FB79042BC5
:10DF880009D1BB689B791B2B05D1BB68DB685A1C80
:10DF9800BB68DA600BE0FB79052B08D1BB689B797D
:10DFA800182B04D1BB68DB685A1CBB68DA60FB68B5
:10DFB8000133FB601F22FB68934291D3FEF7D6FF23
:10DFC80000BF1037BD4680BD0C00042080B582B06C
:10DFD80000AF78607B68002B01D1012305E0FC22AB
:10DFE8000021786803F04EFA002318460837BD462A
:10DFF80080BD000080B485B000AFF860B9601146FC
:10E008001A460B46FB711346BB71FB68002B01D106
:10E0180001233AE0FB68D3F8F020FB68B96843F8BD
:10E028003210FB68D3F8F030FA68DB001344FA7951
:10E038001A71FB68D3F8F030FA68DB001344BA7938
:10E048005A71FB68D3F8F030591C134BA3FB01231A
:10E058001A0913461B019B1A5B00CA1AFB68C3F80E
:10E06800F020FB68D3F8F4301D2B06D8FB68D3F8F2
:10E07800F4305A1CFB68C3F8F420FB68D3F8F83076
:10E088005A1CFB68C3F8F820002318461437BD460D
:10E098005DF8047B704700BF8988888890B486B093
:10E0A80000AFF860B9607A60FB68002B02D07B682B
:10E0B800002B01D1012328E0FB68D3F8F430BA68BB
:10E0C8009A4201D3042320E0FB68D3F8F020BB6810
:10E0D80001339A4207D3FB68D3F8F020BB68D31A00
:10E0E800013B7B6106E0FB68D3F8F020BB68D31ADC
:10E0F8001D337B617968FA687B690C46DB00134441
:10E1080093E8030084E80300002318461837BD4647
:10E1180090BC704780B588B000AFF860B9607A608D
:10E12800FB68002B05D0BB68002B02D07B68072B4F
:10E1380001D800235DE0BB6809221A700123FB6146
:10E14800FB68D3F8F410FB695A1CFA61BA681344E7
:10E15800CAB21A700023BB6142E007F110031A46E5
:10E16800B969F868FFF79AFF0346002B35D1FB69B8
:10E1780006337A689A423AD33B69190EFB695A1CEE
:10E18800FA61BA681344CAB21A703B69190CFB6980
:10E198005A1CFA61BA681344CAB21A703B69190A60
:10E1A800FB695A1CFA61BA681344CAB21A70396911
:10E1B800FB695A1CFA61BA681344CAB21A70FB693F
:10E1C8005A1CFA61BA6813443A7D1A70FB695A1CE2
:10E1D800FA61BA6813447A7D1A70BB690133BB616E
:10E1E800FB68D3F8F430BA699A42B6D300E000BFAE
:10E1F800FB6918462037BD4680BD000080B485B055
:10E2080000AF786039607B68002B01D100231EE0E5
:10E218004FF6FF73FB810023BB6011E0FB891B0AEB
:10E228009AB2FB897868B968014409784B40DBB237
:10E238000A4931F813305340FB81BB680133BB6096
:10E24800BA683B689A42E9D3FB89DB439BB218461C
:10E258001437BD465DF8047B704700BFEC2F1108EA
:10E2680090B5ADF50F7D00AF04460846114607F599
:10E278000E72A2F50E72136007F50E73A3F2312326
:10E2880022461A7007F50E73A3F50D7302461A801D
:10E2980007F50E73A3F232230A461A70D7F84C32E8
:10E2A800002B03D0D7F850320F2B01D80023FEE102
:10E2B8000023C7F83432D7F83432C7F82832D7F8F1
:10E2C80034320233C7F8343207F50E73A3F50D73F1
:10E2D8001B887F2B15D807F50E73A3F50D731B88C4
:10E2E800DBB25B00DAB2D7F83432591CC7F8341203
:10E2F80042F00102D1B207F50E72A2F50B72D154A9
:10E3080028E007F50E73A3F50D731B88DB099BB294
:10E31800DAB2D7F83432591CC7F834125200D1B2E5
:10E3280007F50E72A2F50B72D15407F50E73A3F51B
:10E338000D731B88DBB25B00DAB2D7F83432591C94
:10E34800C7F8341242F00102D1B207F50E72A2F5F5
:10E358000B72D15407F50E73A3F232231B785B00BE
:10E36800DAB2D7F83432591CC7F8341242F0010235
:10E37800D1B207F50E72A2F50B72D154D7F8343228
:10E388005A1CC7F8342207F50E72A2F50B7207F56E
:10E398000E71A1F231210978D15407F50E73A3F556
:10E3A8000E731B68002B05D0D7F84832002B01D01C
:10E3B800012300E0002387F8273297F8273203F07B
:10E3C800010387F8273297F82732002B00F097804F
:10E3D800D7F83432C7F81832D7F81822D7F84832A5
:10E3E80013440733C7F81432D7F814329BB2C3F377
:10E3F8000A039AB2B04B1343A7F81232B7F8123295
:10E408001B0A9BB2D9B207F50E73A3F50B72D7F8A6
:10E41800283213440A461A70D7F828320133B7F85D
:10E428001222D1B207F50E72A2F50B72D15407F180
:10E438000C03D7F818121846FFF7E0FE0346A7F8B2
:10E448001032D7F834325A1CC7F83422B7F81022E1
:10E45800D1B207F50E72A2F50B72D154B7F810328B
:10E468001B0A99B2D7F834325A1CC7F83422C9B2F9
:10E4780007F50E72A2F50B72D154D7F834325A1C34
:10E48800C7F8342207F50E72A2F50B72E621D154B3
:10E49800D7F834325A1CC7F8342207F50E72A2F5A1
:10E4A8000B72E621D154D7F834325A1CC7F83422FB
:10E4B80007F50E72A2F50B720021D154D7F8342259
:10E4C800D7F8483213440233B3F5007F01D900234B
:10E4D800EDE007F10C02D7F83432D01807F50E73C7
:10E4E800A3F50E73D7F84822196803F05AF8D7F83D
:10E4F8003422D7F848321344C7F8343227E0D7F823
:10E5080034320233C7F82032D7F820329BB2C3F333
:10E518000A039AB2684B1343A7F81E32B7F81E32A3
:10E528001B0A9BB2D9B207F50E73A3F50B72D7F885
:10E53800283213440A461A70D7F828320133B7F83C
:10E548001E22D1B207F50E72A2F50B72D15407F153
:10E558000C03D7F834121846FFF750FE0346A7F805
:10E568000E32D7F834325A1CC7F83422B7F80E22C4
:10E57800D1B207F50E72A2F50B72D154B7F80E326C
:10E588001B0A99B2D7F834325A1CC7F83422C9B2D8
:10E5980007F50E72A2F50B72D1540023C7F830327A
:10E5A800D7F830325A1CC7F83022D7F84C22134417
:10E5B8007E221A700023C7F82C3266E007F50E7326
:10E5C800A3F50B72D7F82C3213441B7887F80D3259
:10E5D80097F80D327E2B1DD1D7F830320233D7F899
:10E5E80050229A4201D8002361E0D7F830325A1CF1
:10E5F800C7F83022D7F84C2213447D221A70D7F876
:10E6080030325A1CC7F83022D7F84C2213445E2205
:10E618001A7035E097F80D327D2B1DD1D7F83032BE
:10E628000233D7F850229A4201D800233FE0D7F8A6
:10E6380030325A1CC7F83022D7F84C2213447D22B6
:10E648001A70D7F830325A1CC7F83022D7F84C2243
:10E6580013445D221A7013E0D7F830320133D7F82B
:10E6680050229A4201D8002321E0D7F830325A1CB0
:10E67800C7F83022D7F84C22134497F80D221A70A5
:10E68800D7F82C320133C7F82C32D7F82C22D7F818
:10E6980034329A4292D3D7F830325A1CC7F8302213
:10E6A800D7F84C2213447E221A70D7F83032184615
:10E6B80007F50F77BD4690BD00A0FFFF90B5ADF5FB
:10E6C8000F7D00AF07F50E74A4F50B74206007F5F5
:10E6D8000E70A0F50C70016007F50E71A1F50D71B3
:10E6E8000A6007F50E72A2F50E72136007F50E7335
:10E6F800A3F50B731B68002B0DD007F50E73A3F55C
:10E708000C731B68062B06D907F50E73A3F50D735A
:10E718001B68002B01D10123D8E107F50E73A3F57F
:10E728000B731B681B787E2B0ED107F50E73A3F5B0
:10E738000C731B68013B07F50E72A2F50B72126889
:10E7480013441B787E2B01D00523BFE10023C7F8B3
:10E7580034320123C7F8303252E007F50E73A3F5BF
:10E768000B731A68D7F8303213441B787D2B28D1E5
:10E77800D7F830325A1C07F50E73A3F50C731B68D3
:10E78800013B9A4201D30523A0E1D7F83032013387
:10E79800C7F8303207F50E73A3F50B731A68D7F86C
:10E7A800303213441A78D7F83432591CC7F8341267
:10E7B80082F02002D1B207F50E72A2F50A72D15486
:10E7C80012E007F50E73A3F50B731A68D7F8303209
:10E7D8001A44D7F83432591CC7F83412117807F59F
:10E7E8000E72A2F50A72D154D7F83432B3F5007F0D
:10E7F80001D305236AE1D7F830320133C7F8303244
:10E8080007F50E73A3F50C731B68013BD7F830228C
:10E818009A42A2D3D7F83432042B01D8052355E104
:10E82800D7F83432023BC7F8243207F50E73A3F544
:10E838000A72D7F8243213441B781AB2D7F8243254
:10E84800013307F50E71A1F50A71CB5C1BB21B02EF
:10E858001BB213431BB2A7F8223207F11003D7F8F3
:10E8680024121846FFF7CAFC0346A7F82032B7F867
:10E878002222B7F820329A4201D0052326E100234C
:10E88800C7F82C3207F50E73A3F50A72D7F82C32A5
:10E8980013441B781BB21B021AB2D7F82C3201336F
:10E8A80007F50E71A1F50A71CB5C1BB213431BB2BD
:10E8B800A7F81E32D7F82C320233C7F82C32B7F833
:10E8C8001E3203F47043B3F5204F01D00523FDE059
:10E8D8000023A7F82A3207F50E73A3F50A72D7F8B2
:10E8E8002C3213441B7803F00103002B11D007F5D9
:10E8F8000E73A3F50A72D7F82C3213441B785B0801
:10E90800DBB2A7F82A32D7F82C320133C7F82C32F9
:10E9180020E007F50E73A3F50A72D7F82C321344DA
:10E928001B785B08DBB21BB2DB011AB2D7F82C32BA
:10E93800013307F50E71A1F50A71CB5C5B08DBB2F8
:10E948001BB213431BB2A7F82A32D7F82C32023372
:10E95800C7F82C3207F50E73A3F50E731B68002B4E
:10E9680007D007F50E73A3F50E731B68B7F82A22B4
:10E978001A8007F50E73A3F50A72D7F82C321344E0
:10E988001B785B0887F81D32D7F82C320133C7F89B
:10E998002C32D7F84832002B04D0D7F8483297F8F1
:10E9A8001D221A70D7F82C325A1CC7F82C2207F5EA
:10E9B8000E72A2F50A72D25C07F50E73A3F50D73F9
:10E9C8001B681A70D7F82C320233D7F824229A42DF
:10E9D80073D9D7F82C32C7F8183207F50E73A3F598
:10E9E8000A72D7F82C3213441B781AB2D7F82C3293
:10E9F800013307F50E71A1F50A71CB5C1BB21B023E
:10EA08001BB213431BB2A7F8163207F11003D7F84D
:10EA180018121846FFF7F2FB0346A7F81432B7F8A6
:10EA28001622B7F814329A4201D005234EE0D7F8DF
:10EA38002C320233C7F82C32D7F82C320333D7F8EC
:10EA480024229A4218D307F50E73A3F50A72D7F851
:10EA58002C3213441B78E62B0ED1D7F82C32013315
:10EA680007F50E72A2F50A72D35CE62B04D1D7F82B
:10EA78002C320333C7F82C32D7F82422D7F82C329B
:10EA8800D31AC7F81032D7F84C32002B1DD0D7F85C
:10EA98005032002B19D007F11002D7F82C3213444A
:10EAA800D7F810221946D7F84C0202F07AFDD7F8A9
:10EAB8005032D7F810221A6007E0D7F85032002BEE
:10EAC80003D0D7F8503200221A600023184607F501
:10EAD8000F77BD4690BD80B582B000AF78607B6887
:10EAE800002B01D1012319E04FF448720021786806
:10EAF80002F0C8FC7B681846FEF73AFD7B681433C1
:10EB08001846FFF763FA7B6803F588731846FEF723
:10EB1800BEFD7B680122A3F81C2300231846083792
:10EB2800BD4680BD90B5ADF2745D04AF07F5AC6429
:10EB3800A4F25454206007F5AC60A0F5AB60016006
:10EB480007F5AC61A1F25C510A6007F5AC62A2F569
:10EB5800AC62136007F5AC63A3F254531B68002B37
:10EB68000AD007F5AC63A3F5AC631B68002B03D090
:10EB7800D7F87435002B01D101232BE3D7F874356E
:10EB880000221A6007F5AC63A3F5AB631B68002B82
:10EB98002BD007F5AC63A3F25C531B68002B24D081
:10EBA8000023C7F85C3517E007F5AC63A3F25453AC
:10EBB8001B6803F5887007F5AC63A3F5AB631A68A7
:10EBC800D7F85C3513441B781946FEF77CFDD7F857
:10EBD8005C350133C7F85C3507F5AC63A3F25C53C9
:10EBE800D7F85C251B689A42DED307F5AC63A3F21D
:10EBF80054531B6803F588731846FEF7F1FD034666
:10EC0800062B01D80023E5E20023C7F8583507F59D
:10EC1800AC63A3F2252300221A7020E007F5AC6349
:10EC2800A3F254531B6803F5887307F23B320021A3
:10EC38001846FEF7AAFD07F5AC63A3F225231B7857
:10EC48007E2B1AD007F5AC63A3F254531B6803F567
:10EC5800887307F23B3211461846FEF764FD07F544
:10EC6800AC63A3F254531B6803F588731846FEF788
:10EC7800B7FD0346002BD1D100E000BF07F5AC6318
:10EC8800A3F254531B6803F588731846FEF7A8FDD2
:10EC98000346062B01D800239CE20023C7F854350D
:10ECA80007F5AC63A3F254531B6803F58873184641
:10ECB800FEF796FDC7F844050123C7F850351EE056
:10ECC80007F5AC63A3F254531B6803F5887307F286
:10ECD8003B32D7F850151846FEF757FD07F5AC63D9
:10ECE800A3F225231B787E2B04D1D7F85035C7F81B
:10ECF80054350AE0D7F850350133C7F85035D7F8FE
:10ED08005025D7F844359A42DAD3D7F85435002B32
:10ED180001D100235EE2D7F854350133C7F85835DE
:10ED2800D7F85835B3F5007F03D94FF40073C7F807
:10ED380058350023C7F84C3513E007F5AC63A3F248
:10ED480054531B6803F5887007F54F72D7F84C3594
:10ED580013441946FEF7E7FCD7F84C350133C7F8DA
:10ED68004C35D7F84C25D7F858359A42E5D307F5EE
:10ED7800AC63A3F2262300221A7007F5AC63A3F54F
:10ED88000A7300221A8007F5AC63A3F22923002234
:10ED98001A7007F5AC63A3F54C7300221A6007F5E7
:10EDA8004E7107F23A3207F54F7007F50C7302936C
:10EDB80007F50D73019307F2373300930B46D7F825
:10EDC8005815FFF77BFC034687F8433597F843351A
:10EDD800002B02D097F84335FCE10023C7F84835EB
:10EDE80007F5AC63A3F226231B78932B2AD107F5EA
:10EDF800AC63A3F254531B681846FEF7B9FB07F53A
:10EE0800AC63A3F229231B78194607F5AC63A3F278
:10EE180054531B68B3F81C33DAB2D7F87035029331
:10EE280007F5AC63A3F5AC631B680193002300935B
:10EE380000237320FFF714FA0246D7F874351A60D6
:10EE48000023C7E107F5AC63A3F226231B78532BF5
:10EE58002CD107F5AC63A3F25453186800230022A1
:10EE68000421FEF7A8FB07F5AC63A3F229231B785E
:10EE7800194607F5AC63A3F254531B68B3F81C3367
:10EE8800DAB2D7F87035029307F5AC63A3F5AC6333
:10EE98001B6801930023009300237320FFF7E0F918
:10EEA8000246D7F874351A60002393E107F5AC637E
:10EEB800A3F226231B78102B07D007F5AC63A3F227
:10EEC80026231B78032B40F0848107F5AC63A3F558
:10EED8004C731B68002B01D105237BE107F5AC635C
:10EEE800A3F54B731B7887F8423597F84235602BAA
:10EEF80043D107F5AC63A3F2324300221A8007F529
:10EF0800AC63A3F54C73196807F5977207F50D7391
:10EF18001846FEF777FC0346002B40F02F8107F5D3
:10EF2800AC63A3F232431B881B0A9BB2DAB207F523
:10EF3800AC63A3F234431A7007F5AC63A3F232430F
:10EF48001B88DAB207F5AC63A3F234435A7007F5AD
:10EF5800AC63A3F25453186807F596720223012193
:10EF6800FEF729FB07F5987300224FF480711846C5
:10EF7800FEF780FCC7F8480500E197F84235C02B3A
:10EF880040F0EC8007F5AC63A3F54C73196807F5FE
:10EF9800907207F50D731846FEF7C8FC0346002B60
:10EFA80040F0EC8007F5AC63A3F2545318680023D3
:10EFB80000220221FEF7FFFA0346002B40F0DE8014
:10EFC80007F5AC63A3F2414300221A7007F5AC635E
:10EFD800A3F5896300221A6007F5AC63A3F588637B
:10EFE8005B88072B40F0898007F5AC63A3F588633D
:10EFF8009B79632B40F0818007F5AC63A3F58863A8
:10F00800DB79622B79D107F5AC63A3F588631B7AAA
:10F01800002B72D107F5AC63A3F588639B7A022BAA
:10F0280023D107F5AC63A3F254531B68143307F1DB
:10F0380010014FF480721846FFF76CF8C7F83C05CA
:10F0480007F5AC63A3F588631A7807F59870D7F8C5
:10F058003C35019307F11003009309234FF48071A5
:10F06800FEF7BEFCC7F8480587E007F5AC63A3F5D3
:10F0780088639B7A072B1FD107F5AC63A3F254531F
:10F088001B68D3F8082107F5AC63A3F24C431A6058
:10F0980007F5AC63A3F588631A7807F5987004231D
:10F0A800019307F58A73009306234FF48071FEF7E6
:10F0B80097FCC7F8480560E007F5AC63A3F58863DB
:10F0C8009B7A082B59D107F5AC63A3F58A631E22F6
:10F0D8001A6007F5AC63A3F588631A7807F598708A
:10F0E8000423019307F58873009306234FF4807176
:10F0F800FEF776FCC7F848053FE007F5AC63A3F5D3
:10F108008863588807F5AC63A3F588639A7A07F291
:10F118001F1407F59073191D07F58C730093234688
:10F12800FEF77AFD0346002B28D107F5AC63A3F55B
:10F1380088631A7807F5AC63A3F24143197807F599
:10F1480098700423019307F58C7300930B464FF4D2
:10F158008071FEF745FCC7F848050FE097F842357F
:10F16800C12B0BD107F5AC63A3F2545318680023E5
:10F1780000220321FEF71FFA00E000BFD7F8483548
:10F18800002B24D007F5AC63A3F229231B7818467B
:10F1980007F5AC63A3F254531B68B3F81C33DAB217
:10F1A80007F59871D7F87035029307F5AC63A3F5A6
:10F1B800AC631B680193D7F8483500930B460146AA
:10F1C8001020FFF74DF80246D7F874351A6000236F
:10F1D80000E00023184607F26457BD4690BD80B58D
:10F1E80084B000AF786039607B68002B01D10123BF
:10F1F80019E04FF44A720021786802F043F97B68FD
:10F208001846FFF768FC0346FB73FB7B002B01D015
:10F21800FB7B08E07B683A68C3F820237B680122FF
:10F2280083F82423002318461037BD4680BD80B5D7
:10F2380086B000AFF860B9607A60FB68002B05D033
:10F24800BB68002B02D07B68002B01D1012314E09E
:10F2580000237B610CE0FB6803F58870BA687B6962
:10F2680013441B781946FEF72EFA7B6901337B613C
:10F278007A697B689A42EED3002318461837BD4650
:10F2880080BD80B5ADF5067D02AF07F50473A3F523
:10F298000373186007F50473A3F503731B68002B49
:10F2A80001D1012340E007F50473A3F5027300229E
:10F2B8001A6007F50473A3F50373186807F10C02C5
:10F2C80007F1080301934FF40073009313460022DB
:10F2D8000021FFF727FC034687F80F3297F80F3213
:10F2E800002B1FD107F50473A3F502731B68002BCD
:10F2F80018D007F50473A3F503731B68D3F82033FC
:10F30800002B0FD007F50473A3F503731B68D3F81C
:10F31800203307F50472A2F50272116807F10C0296
:10F328001046984797F80F32184607F50477BD46F8
:10F3380080BD80B500AF00F09BF900BF80BD000024
:10F3480080B584B002AF7860396000F091F9002090
:10F3580000F0A8FA04210B2000F0F6FB7B68002BD4
:10F3680001D0786800E00E480E4B012200920ECBC7
:10F3780000F0C4FB12210B2000F0E6FB3B68002BD9
:10F3880001D0386800E00848064B012200920ECBF5
:10F3980000F0B4FB00F09EFA00BF0837BD4680BD00
:10F3A800182C1108BC4C1108282C110880B58CB0F9
:10F3B80002AF78607B68002B00F0FA80002000F034
:10F3C80071FA7B6893F84130002B13D00123009326
:10F3D800082319220021002000F03AFC0021012016
:10F3E80000F0B2FB744B002200920ECB734800F081
:10F3F80085FB0AE00021022000F0A6FB6E4B0122EB
:10F4080000920ECB6E4800F079FB00211A2000F024
:10F418009BFB694B012200920ECB6A4800F06EFB01
:10F4280000212E2000F090FB634B012200920ECBAE
:10F43800654800F063FB0021482000F085FB5E4B27
:10F44800012200920ECB614800F058FB0021622097
:10F4580000F07AFB7B6803F14800574B01220092C9
:10F468000ECB00F04BFB7B6893F84130002B08D0A3
:10F47800012300930A237F220A21002000F07CFB4D
:10F4880013E0002387F827300BE097F82730012294
:10F498000A21184600F04CFA97F82730023387F80B
:10F4A800273097F92730002BEFDA1621012000F0DA
:10F4B8004BFB7B6803F120003F4B012200920ECBEF
:10F4C80000F01CFB7B6893F84030002B26D07B684B
:10F4D80026331846F1F79AF903467B617B696FF08A
:10F4E8000A0202FB03F34C33DA0F13445B101233A6
:10F4F8003B623B6A0F2B01DC10233B623B6ADBB2A9
:10F508000D21184600F020FB7B6803F12600304BE4
:10F51800012200920ECB00F0F1FA24E07B6826333A
:10F528001846F1F773F90346BB61BB691A46DB005D
:10F53800D31A5233DA0F13445B101233FB61FB69A1
:10F548000F2B01DC1023FB61FB69DBB2112118468C
:10F5580000F0FAFA7B6803F126001E4B01220092A4
:10F568000ECB00F0CBFA7B6893F83630002B1CD01A
:10F578007B6836331846F1F749F903463B613A6927
:10F58800134692009B1A5B007F33FB60FB68DBB27B
:10F598001621184600F0D8FA7B6803F13600064BAE
:10F5A800012200920ECB00F0A9FA00F093F900E0D6
:10F5B80000BF2837BD4680BDB04C1108382C110853
:10F5C800402C1108442C1108482C1108502C110803
:10F5D800C84C1108BC4C110880B400AF024B184647
:10F5E800BD465DF8047B7047EC31110880B400AF6C
:10F5F80000BFBD465DF8047B7047000080B586B04B
:10F6080004AF0346FB71094B1B7819464FF0FF33D3
:10F61800029301230193FB1D009301230022044858
:10F62800F2F730FB00BF0837BD4680BDFC0104205F
:10F638008002042080B586B004AF786039600A4B38
:10F648001B7819463B689BB24FF0FF320292019338
:10F658007B680093012340220448F2F713FB00BFA4
:10F668000837BD4680BD00BFFC010420800204208D
:10F6780080B584B000AF7F4B1B79002B40F0F5803C
:10F688009620F2F73FFA0023FB737B4801F0E6FD72
:10F698000023BB601FE0BB68002B02DD3220F2F7BD
:10F6A80031FA3223032278217448F2F7FFFB03462C
:10F6B800002B02D17823FB730AE0322303227A213C
:10F6C8006E48F2F7F3FB0346002B01D17A23FB7354
:10F6D800BB680133BB60BB68022B02DCFB7B002BE1
:10F6E800D9D0FB7B002B36D1654801F0B7FD00234C
:10F6F800FB710123BB8025E0BB885B0099B2142312
:10F7080002225E48F2F7D2FB0346002B17D1BB88D2
:10F7180019465C4801F03AFDFB790133FB71FB7B2C
:10F72800002B0CD1BB883C2B05D0BB883D2B02D0CD
:10F73800FB79012B03D1BB88DBB25B00FB73BB8871
:10F748000133BB80BB887F2BD6D9FB79002B02D134
:10F758004D4801F083FDFB7B002B0BD04B4AFB7B14
:10F7680013704A4B1B785B08DBB21946484801F016
:10F778000DFD08E0474801F071FD474801F06EFDB6
:10F78800424B78221A70FFF731FF002000F0C2FACE
:10F798002020FFF733FF0020FFF730FFB020FFF7EE
:10F7A8002DFFC820FFF72AFF0020FFF727FF1020B2
:10F7B800FFF724FF4020FFF721FFFF2000F096FA13
:10F7C800A120FFF71BFFA620FFF718FFA820FFF7CF
:10F7D80015FF1F20FFF712FFA420FFF70FFFD3200C
:10F7E800FFF70CFF0020FFF709FFD520FFF706FF02
:10F7F800F020FFF703FFD920FFF700FF2220FFF7D3
:10F80800FDFEDA20FFF7FAFE0220FFF7F7FEDB2005
:10F81800FFF7F4FE2020FFF7F1FE8D20FFF7EEFE44
:10F828001420FFF7EBFE012000F074FA1B4801F0EA
:10F8380015FDA520FFF7E2FE4FF4C870F2F762F954
:10F84800A420FFF7DBFE0B4B00221A80094B002295
:10F858005A80084B01221A71002000F023F800F0AA
:10F8680039F80F4801F0FAFC00E000BF1037BD4638
:10F8780080BD00BFA8340520582C11088002042040
:10F88800982C1108CC2C1108082D1108FC01042013
:10F898004C2D1108802D1108C82D1108142E11089F
:10F8A800582E110880B582B000AF0346FB71FB7972
:10F8B800002B01D1002300E0FF234FF4007219460A
:10F8C800034801F0DFFD00BF0837BD4680BD00BF1B
:10F8D800A832052080B582B000AF134B1B79002BEE
:10F8E8001DD00023FB7116E0FB79503BDBB21846B4
:10F8F800FFF784FE0020FFF781FE1020FFF77EFE51
:10F90800FB79DB01094A134480211846FFF792FE70
:10F91800FB790133FB71FB79032BE5D900E000BFCC
:10F928000837BD4680BD00BFA8340520A832052091
:10F9380080B483B000AF0346FB710B46BB7113461E
:10F948007B7197F90730002B3DDBBB791F2B3AD829
:10F958007B79012B1AD1FA79BB79DB08D8B2034637
:10F96800DB0113441B4AD35C5AB2BB7903F007038B
:10F97800012101FA03F35BB2134359B2FA79034642
:10F98800DB011344C9B2134AD1541DE0FA79BB799B
:10F99800DB08D8B20346DB0113440E4AD35C5AB2E3
:10F9A800BB7903F00703012101FA03F35BB2DB43E0
:10F9B8005BB2134059B2FA790346DB011344C9B26A
:10F9C800044AD15400E000BF0C37BD465DF8047B03
:10F9D800704700BFA832052090B589B000AF044633
:10F9E800384680E80E002346FB73FB7B1F2B02D9A9
:10F9F800FB7B7E2B01D9002379E0BB68002B05D067
:10FA0800BA68FB7B203B13441B7800E03B78FB750E
:10FA1800394B1B881A46FB7D1344802B06DC364B7A
:10FA28005B881A467B781344202B01DD00235EE0B7
:10FA38000023FB614DE07A68FB7B203B797801FB72
:10FA480003F31946FB690B445B0013441B883B61B5
:10FA58000023BB6136E03A69BB6902FA03F303F499
:10FA68000043002B13D0244B1B88DAB2BB69DBB2EE
:10FA78001344D8B2204B5B88DAB2FB69DBB213447B
:10FA8800DBB297F830201946FFF752FF17E01A4B00
:10FA98001B88DAB2BB69DBB21344D8B2164B5B8859
:10FAA800DAB2FB69DBB21344D9B297F83030002BD5
:10FAB8000CBF01230023DBB21A46FFF739FFBB69ED
:10FAC8000133BB61FB7DBA699A42C4D3FB69013338
:10FAD800FB617B781A46FB699342ACD3064B1A88C4
:10FAE800FB7D9BB213449AB2034B1A80FB7B1846EA
:10FAF8002437BD4690BD00BFA834052080B586B028
:10FB080002AFF860384680E80E0013E0FB6818780A
:10FB18003B7E00933B460ECBFFF75EFF03461A463B
:10FB2800FB681B789A4202D0FB681B7808E0FB68E8
:10FB38000133FB60FB681B78002BE7D1FB681B785F
:10FB480018461037BD4680BD80B483B000AF034669
:10FB58000A46FB711346BB71FB799AB2054B1A80B2
:10FB6800BB799AB2034B5A8000BF0C37BD465DF88B
:10FB7800047B7047A834052090B589B000AF0446CF
:10FB8800084611461A462346FB710346BB710B46CD
:10FB98007B7113463B717A79FB79D31A002BB8BF76
:10FBA8005B42BB613A79BB79D31A002BB8BF5B4281
:10FBB8007B61FA797B799A4201D2012301E04FF007
:10FBC800FF333B61BA793B799A4201D2012301E0C4
:10FBD8004FF0FF33FB60BA697B69D31AFB6197F872
:10FBE800302039797B791846FFF7A2FE24E097F890
:10FBF8003020B979FB791846FFF79AFEFB695B005C
:10FC0800BB607B695B42BA689A4208DDFA697B6926
:10FC1800D31AFB613B69DAB2FB791344FB71BA680A
:10FC2800BB699A4208DAFA69BB691344FB61FB684D
:10FC3800DAB2BB791344BB71FA797B799A42D6D18F
:10FC4800BA793B799A42D2D100BF2437BD4690BDDC
:10FC580090B585B000AF0446084611461A462346BB
:10FC6800FB710346BB710B467B7113463B71FA79F6
:10FC78007B79934228BF13467B737A79FB79934249
:10FC880038BF13463B73BA793B79934228BF134672
:10FC9800FB723A79BB79934238BF1346BB72FB7A41
:10FCA800FB7317E07B7BBB7309E097F82020F97B97
:10FCB800BB7B1846FFF73CFEBB7B0133BB73BA7BAB
:10FCC8003B7B9A4203D897F90E30002BEDDAFB7B89
:10FCD8000133FB73FA7BBB7A9A4203D8FB7B1F2B59
:10FCE800E0D900BF00BF1437BD4690BD80B584B0D1
:10FCF80000AF0346FB718123FB73FB7B1846FFF7BC
:10FD08007DFCFB791846FFF779FC00BF1037BD462C
:10FD180080BD000080B584B000AF0346FB71FB795D
:10FD2800002B05D0AF23FB73084B01225A7104E066
:10FD3800AE23FB73054B00225A71FB7B1846FFF775
:10FD48005DFC00BF1037BD4680BD00BFA83405204C
:10FD580080B483B000AF78607B6807EE903AF8EE25
:10FD6800677A9FED057A67EE877AB0EE670A0C37F7
:10FD7800BD465DF8047B70479675063680B483B03F
:10FD880000AF78607B6807EE903AF8EE677A9FEDEF
:10FD9800057A67EE877AB0EE670A0C37BD465DF8DC
:10FDA800047B70479675063680B483B000AF7860E0
:10FDB8007B6807EE903AF8EE677A9FED057A67EE72
:10FDC800877AB0EE670A0C37BD465DF8047B70474A
:10FDD8009675063680B483B000AF78607B6807EE0E
:10FDE800903AF8EE677A9FED057A67EE877AB0EE7B
:10FDF800670A0C37BD465DF8047B70479675063672
:10FE080080B483B000AF78607B6807EE903AF8EE74
:10FE1800677A9FED057A67EE877AB0EE670A0C3746
:10FE2800BD465DF8047B70473331613780B483B0D9
:10FE380000AF78607B6807EE903AF8EE677A9FED3E
:10FE4800057A67EE877AB0EE670A0C37BD465DF82B
:10FE5800047B70473331613780B483B000AF78607A
:10FE68007B6807EE903AF8EE677A9FED057A67EEC1
:10FE7800877AB0EE670A0C37BD465DF8047B704799
:10FE88003331613780B483B000AF78607B6807EEA8
:10FE9800903AF8EEE77A9FED057A67EE877AB0EE4A
:10FEA800670A0C37BD465DF8047B7047B7906C3B1A
:10FEB80080B483B000AF78607B6807EE903AF8EEC4
:10FEC800E77A9FED057A67EE877AB0EE670A0C3716
:10FED800BD465DF8047B7047B7906C3B80B483B037
:10FEE80000AF78607B6807EE903AF8EEE77A9FED0E
:10FEF800057A67EE877AB0EE670A0C37BD465DF87B
:10FF0800047B7047B7906C3B2DE9B00F8BB000AF06
:10FF1800F861B961F9690020396178613969CB0CF8
:10FF280039694A03B9690020B960F860B968C1F352
:10FF38000C0A4FF0000B42EA0A01396043EA0B034E
:10FF48007B60D7E90023C7E90823D7E908234FF0E6
:10FF5800000803F4805958EA090308D0D7E90823B0
:10FF680014466FEAC3456FEAD545C7E90845D7E99E
:10FF78000823104619462C37BD46BDE8B00F704718
:10FF880080B582B000AFC7E90001D7E90001F0F7FA
:10FF98003FFA07EE100ADFED047A67EE277AB0EE33
:10FFA800670A0837BD4680BD94D0893580B485B0CE
:10FFB80000AF78607B68002B02D19FED0E7A10E0CD
:10FFC8007B6807EE903AF8EE677A9FED0B7A67EE5A
:10FFD800877AC7ED037AF7EE006AD7ED037A86EEE3
:10FFE800A77AF0EE477AB0EE670A1437BD465DF897
:08FFF800047B704700000000CB
:020000040811E1
:10000000BD37863580B500AFA8220021034801F036
:100010003DFA034801F026F900BF80BDB034052049
:10002000802E110880B582B000AF0346FB80FB88AC
:10003000B3F5906F00F0FF82B3F5906F00F3FF828D
:1000400040F21A42934200F0DE8240F21A4293429A
:1000500000F3F58240F21942934200F0AA8240F286
:100060001942934200F3EB82B3F5836F00F07A827A
:10007000B3F5836F00F3E382B3F53A7F80F24E82EB
:10008000B3F5037F80F28A80D9E2A3F548733F2B52
:1000900000F2D58201A252F823F000BFB905110881
:1000A000BF051108C5051108CB0511083F06110849
:1000B0003F0611083F0611083F0611083F061108C8
:1000C0003F0611083F0611083F0611083F061108B8
:1000D0003F0611083F0611083F0611083F061108A8
:1000E0003F0611083F0611083F0611083F06110898
:1000F0003F0611083F0611083F0611083F06110888
:100100003F0611083F0611083F0611083F06110877
:100110003F0611083F0611083F0611083F06110867
:100120003F0611083F0611083F0611083F06110857
:100130003F0611083F0611083F0611083F06110847
:100140003F0611083F0611083F0611083F06110837
:100150003F0611083F0611083F0611083F06110827
:100160003F0611083F0611083F0611083F06110817
:100170003F0611083F0611083F0611083F06110807
:100180003F0611083F0611083F0611080F06110827
:10019000170611081F06110827061108A3F5037397
:1001A000DB2B00F24C8201A252F823F02F0511083C
:1001B000350511083B0511083F06110841051108D6
:1001C000470511084D0511083F0611083F061108A3
:1001D0003F06110853051108590511085F0511085C
:1001E0003F0611083F0611083F0611083F06110897
:1001F0003F0611083F0611083F0611083F06110887
:100200003F0611083F0611083F0611083F06110876
:100210003F0611083F0611083F0611083F06110866
:100220003F0611083F0611083F0611088305110813
:10023000890511083F0611083F0611088F051108AE
:10024000950511089B0511083F0611083F06110886
:100250003F061108A1051108A7051108AD051108F1
:100260003F0611083F0611083F0611083F06110816
:100270003F0611083F0611083F0611083F06110806
:100280003F0611083F0611083F0611083F061108F6
:100290003F0611083F0611083F0611083F061108E6
:1002A0003F0611083F0611083F061108D105110845
:1002B000D70511083F0611083F061108DD05110892
:1002C000E3051108E90511083F0611083F0611086A
:1002D0003F061108EF051108F7051108FF05110881
:1002E0003F0611083F0611083F0611083F06110896
:1002F0003F0611083F0611083F0611083F06110886
:100300003F0611083F0611083F0611083F06110875
:100310003F0611082F0611083F0611083F06110875
:100320003F0611083F0611083F0611083F06110855
:100330003F0611083F0611083F0611083F06110845
:100340003F0611083F0611083F0611083F06110835
:100350003F0611083F0611083F0611083F06110825
:100360003F0611083F0611083F0611083F06110815
:100370003F0611083F0611083F0611083F06110805
:100380003F0611083F0611083F0611083F061108F5
:100390003F0611083F0611083F0611083F061108E5
:1003A0003F0611083F0611083F0611083F061108D5
:1003B0003F0611083F0611083F0611083F061108C5
:1003C0003F0611083F0611083F0611083F061108B5
:1003D0003F0611083F0611083F0611083F061108A5
:1003E0003F0611083F0611083F0611083F06110895
:1003F0003F0611083F0611083F0611083F06110885
:100400003F0611083F0611083F0611083F06110874
:100410003F0611083F0611083F0611083F06110864
:100420003F0611083F0611083F0611083F06110854
:100430003F0611083F0611083F0611083F06110844
:100440003F0611083F0611083F0611083F06110834
:100450003F0611083F0611083F0611083F06110824
:100460003F0611083F0611083F0611083F06110814
:100470003F0611083F0611083F0611083F06110804
:100480003F0611083F0611083F0611083F061108F4
:100490003F0611083F0611083F0611083F061108E4
:1004A0003F0611083F0611083F0611083F061108D4
:1004B0003F0611083F0611083F0611083F061108C4
:1004C0003F0611083F0611083F0611083F061108B4
:1004D0003F0611083F0611083F0611083F061108A4
:1004E0003F0611083F0611083F0611083F06110894
:1004F0003F0611083F0611083F0611083F06110884
:100500003F0611083F0611083F0611086B05110848
:1005100071051108770511087D051108B3F5587F9D
:1005200080F28D80B3F5487FBFF6AFAD87E0494BD1
:100530001B688AE0474B5B6887E0464B9B6884E01A
:10054000444BDB6881E0434B1B697EE0414B5B69B8
:100550007BE0404B9B6978E03E4BDB6975E03D4BAF
:100560001B6A72E03B4B5B6A6FE03A4B9B6A6CE044
:10057000384BDB6A69E0374B1B6B66E0354B5B6BD6
:1005800063E0344B9B6B60E0324BDB6B5DE0314BE7
:100590001B6C5AE02F4B5B6C57E02E4B9B6C54E06E
:1005A0002C4BDB6C51E02B4B1B6D4EE0294B5B6DF4
:1005B0004BE0284B9B6D48E0264BDB6D45E0254B1F
:1005C0001B6E42E0234B5B6E3FE0224B9B6E3CE098
:1005D000204BDB6E39E01F4B1B6F36E01D4B5B6F12
:1005E00033E01C4B9B6F30E01A4BDB6F2DE0194B57
:1005F000D3F8803029E0174BD3F8843025E0154B31
:10060000D3F8883021E0134BD3F88C301DE0114B28
:10061000D3F8903019E00F4BD3F8943015E00D4B20
:10062000D3F8983011E00B4BD3F89C300DE0094B18
:10063000D3F8A03009E0074BD3F8A43005E0FB88DD
:100640001946054800F0A6FD002318460837BD46A8
:1006500080BD00BFB03405209C2E110880B483B04B
:1006600000AF7860044A7B68136000BF0C37BD465A
:100670005DF8047B704700BFB034052080B483B0C0
:1006800000AF7860044A7B68536000BF0C37BD46FA
:100690005DF8047B704700BFB034052080B483B0A0
:1006A00000AF7860044A7B68936000BF0C37BD469A
:1006B0005DF8047B704700BFB034052080B483B080
:1006C00000AF7860044A7B68D36000BF0C37BD463A
:1006D0005DF8047B704700BFB034052080B483B060
:1006E00000AF7860044A7B68136300BF0C37BD46D7
:1006F0005DF8047B704700BFB034052080B483B040
:1007000000AF7860044A7B68536300BF0C37BD4676
:100710005DF8047B704700BFB034052080B483B01F
:1007200000AF7860044A7B68536200BF0C37BD4657
:100730005DF8047B704700BFB034052080B483B0FF
:1007400000AF7860044A7B68936300BF0C37BD46F6
:100750005DF8047B704700BFB034052080B483B0DF
:1007600000AF7860044A7B68D36300BF0C37BD4696
:100770005DF8047B704700BFB034052080B483B0BF
:1007800000AF7860044A7B68136400BF0C37BD4635
:100790005DF8047B704700BFB034052080B483B09F
:1007A00000AF7860044A7B68536600BF0C37BD46D3
:1007B0005DF8047B704700BFB034052080B483B07F
:1007C00000AF7860044A7B68936600BF0C37BD4673
:1007D0005DF8047B704700BFB034052080B483B05F
:1007E00000AF7860044A7B68936500BF0C37BD4654
:1007F0005DF8047B704700BFB034052080B483B03F
:1008000000AF7860044A7B68D36600BF0C37BD46F2
:100810005DF8047B704700BFB034052080B483B01E
:1008200000AF7860044A7B68136700BF0C37BD4691
:100830005DF8047B704700BFB034052080B483B0FE
:1008400000AF7860044A7B68536700BF0C37BD4631
:100850005DF8047B704700BFB034052080B483B0DE
:1008600000AF7860044A7B68C2F8983000BF0C374C
:10087000BD465DF8047B7047B034052080B483B07A
:1008800000AF7860044A7B68C2F89C3000BF0C3728
:10089000BD465DF8047B7047B034052080B483B05A
:1008A00000AF7860044A7B68C2F88C3000BF0C3718
:1008B000BD465DF8047B7047B034052080B483B03A
:1008C00000AF7860044A7B68C2F8A03000BF0C37E4
:1008D000BD465DF8047B7047B034052080B588B014
:1008E00000AFBA607B600346FB810B467B73BB683D
:1008F000002B02D07B68002B01D1002372E0FB8922
:100900001B09BB82FB8903F00803002B01D10023E4
:1009100068E0BB8A1846FFF785FBF8617B7B022BFA
:1009200003D1FB699BB2FB6104E07B7B042B01D00C
:10093000002357E0BB68FA691A604FF6FF737B83A8
:100940007B7B042B11D1FB691B0EDBB23B74FB6973
:100950001B0CDBB27B74FB691B0ADBB2BB74FB694B
:10096000DBB2FB7404237B7608E0FB691B0ADBB275
:100970003B74FB69DBB27B7402237B7600233B76FE
:1009800028E03B7E20333B4413F8103C1BB21B0293
:100990001AB2B7F91A3053401BB27B830023FB75A0
:1009A00012E0B7F91A30002B08DA7B8B5B009BB2A0
:1009B00083F4815383F001037B8302E07B8B5B0034
:1009C0007B83FB7D0133FB75FB7D072BE9D93B7EE8
:1009D00001333B763A7E7B7E9A42D2D37B687A8B18
:1009E0001A80012318462037BD4680BD80B400AF71
:1009F00000BFBD465DF8047B704780B485B000AF92
:100A000003460A46FB8013467B71FB881B01FB8172
:100A10007B79002B03D0FB8943F00803FB81FB8922
:100A200018461437BD465DF8047B704780B485B026
:100A300000AF03460A46FB8013467B717B791BB2ED
:100A40001B021AB2B7F9063053401BB2FB800023D9
:100A5000FB7312E0B7F90630002B08DAFB885B0065
:100A60009BB283F4815383F00103FB8002E0FB8897
:100A70005B00FB80FB7B0133FB73FB7B072BE9D91E
:100A8000FB8818461437BD465DF8047B704780B577
:100A900084B000AF78600B46FB704FF6FF73FB81AC
:100AA000FB78042B27D17B681B0EDAB2FB89114639
:100AB0001846FFF7BBFF0346FB817B681B0CDAB2CD
:100AC000FB8911461846FFF7B1FF0346FB817B689F
:100AD0001B0ADAB2FB8911461846FFF7A7FF034647
:100AE000FB817B68DAB2FB8911461846FFF79EFF4F
:100AF0000346FB8115E0FB78022B12D17B681B0AB1
:100B0000DAB2FB8911461846FFF790FF0346FB81D6
:100B10007B68DAB2FB8911461846FFF787FF034668
:100B2000FB81FB8918461037BD4680BD80B584B077
:100B300000AF78600B46FB7013463B80FB7819468C
:100B40007868FFF7A4FF0346FB81FA893B889A4245
:100B50000CBF01230023DBB218461037BD4680BD11
:100B600080B588B000AFBA607B600346FB810B465E
:100B70007B73BB68002B02D14FF0FF3339E07B7BE6
:100B8000022B05D07B7B042B02D06FF0020330E0F8
:100B9000FB8901211846FFF730FF0346FB8307F16D
:100BA000160307F11802797BF88BFFF797FE0346CF
:100BB00083F00103DBB2002B02D04FF0FF3318E0CB
:100BC000BA69BB681A607B68002B11D0FA8A7B680F
:100BD0001A80BB69FA8A797B1846FFF7A7FF03469C
:100BE00083F00103DBB2002B02D06FF0010300E0C1
:100BF000002318462037BD4680BD80B584B000AFC5
:100C00000346FB8007F10A0307F10C02F888042170
:100C1000FFF7A6FF0346002B01D0002300E0FB688E
:100C200018461037BD4680BD80B500AFFFF7EAF922
:100C3000FFF7DCFE2148FFF711FD2148FFF71EFDFD
:100C40002048FFF72BFD2048FFF738FD44F62060D1
:100C5000FFF764FD0120FFF751FD4FF48050FFF7CF
:100C60003DFD1648FFF76AFD1548FFF777FD16486A
:100C7000FFF784FD44F62060FFF7B0FD0120FFF789
:100C80009DFD4FF48050FFF789FD0C48FFF7B6FD3E
:100C90000B48FFF7C3FD0C48FFF7D0FD44F620607A
:100CA000FFF7FCFD0120FFF7E9FD4FF48050FFF74F
:100CB000D5FD0648FFF702FE00BF80BDFBFA5A00D3
:100CC000FF7C0501AC07920138B8090032321200EE
:100CD00080B5AAB000AF78607B68002B00F09081EF
:100CE0004FF40370FFF789FFC7F8A4004FF40B70AF
:100CF000FFF783FFC7F8A0004FF41370FFF77DFFE5
:100D0000C7F89C0040F26620FFF777FFC7F898000D
:100D100040F20D20FFF771FFC7F8940040F22D203C
:100D2000FFF76BFFC7F8900040F24D20FFF765FF1B
:100D3000C7F88C004FF40470FFF75FFF0346C7F855
:100D400088304FF40C70FFF758FF0346C7F8843023
:100D50004FF41470FFF751FF0346C7F880304FF48B
:100D60008360FFF74AFFF86740F2E720FFF745FF8F
:100D7000B86740F2E620FFF740FF786740F2233083
:100D8000FFF73BFF386740F22230FFF736FFF86687
:100D900040F25F30FFF731FFB86640F25E30FFF798
:100DA0002CFF7866D7F89400FFF72EF887ED180A25
:100DB000D7F89000FFF73EF887ED170AD7F88C00B8
:100DC000FFF74EF887ED160AD7F8A400FEF7C4FF28
:100DD00087ED150AD7F8A000FEF7D4FF87ED140AB7
:100DE000D7F89C00FEF7E4FF87ED130AD7F89800C8
:100DF000FEF7F4FF87ED120AD7F88800FFF746F8F0
:100E000087ED110AD7F88400FFF756F887ED100A2E
:100E1000D7F88000FFF766F887ED0F0A97ED117A93
:100E2000D7ED107A77EE277A97ED0F7A77EE277A5B
:100E3000C7ED0E7AF86FFFF7BDF887ED0D0A796FF1
:100E4000B86FFFF765F8C7E90A01F96E386FFFF769
:100E50005FF8C7E90801796EB86EFFF759F8C7E97E
:100E60000601D7E90A01FFF78FF887ED050AD7E9F0
:100E70000801FFF789F887ED040AD7E90601FFF7B3
:100E800083F887ED030A97ED057AD7ED047A77EEBC
:100E9000277A97ED037A77EE277AC7ED027AD7EDB6
:100EA000187AB2EE047A67EE877AFCEEE77A17EEEC
:100EB000902A7B681A60D7ED177AB2EE047A67EE53
:100EC000877AFCEEE77A17EE902A7B685A60D7EDB6
:100ED000167AB2EE047A67EE877AFCEEE77A17EEBE
:100EE000902A7B689A60D7ED157A9FED477A67EE76
:100EF000877AFCEEE77A17EE902A7B68DA60D7ED06
:100F0000147A9FED417A67EE877AFCEEE77A17EE66
:100F1000902A7B681A61D7ED137A9FED3B7A67EED2
:100F2000877AFCEEE77A17EE902A7B685A61D7ED54
:100F3000127A9FED357A67EE877AFCEEE77A17EE44
:100F4000902A7B689A61D7ED0E7AFDEEE77A17EE6C
:100F5000902A7B68DA617B6800221A6297ED187A22
:100F6000D7ED157A27EE277AD7ED176AD7ED147AE1
:100F700066EEA77A37EE277AD7ED166AD7ED137AA1
:100F800066EEA77A77EE277AFCEEE77A17EE902ADC
:100F90007B685A627B685B6A002B15D0D7ED0E7AAE
:100FA000F0EEE76A7B685B6A07EE903AB8EE677A24
:100FB000C6EE877A9FED147A67EE877AFCEEE77AC1
:100FC00017EE903A9AB201E04FF47A727B681A8574
:100FD000D7ED0D7A9FED0C7A67EE877AFCEEE77A13
:100FE00017EE903A9AB27B685A85042001F0B8F95E
:100FF00001F0AEF902460B467968C1E90C2300E026
:1010000000BFA837BD4680BD00007A44002310B55C
:1010100004468360818119464366C2810822836148
:10102000C0E90033C0E904335C3000F02FFA0D4B07
:10103000246263620C4BA3620C4BE3620C4B236390
:101040000C4B9C4206D003F16802944202D0D0338C
:101050009C4205D104F15800BDE8104000F0A2BA4E
:1010600010BD00BFE1121108031311083B13110852
:101070006113110858350520024A0349034800F05E
:101080006BB800BF000204201121110810020420D7
:1010900041680C4B994210B5044601D001F038F874
:1010A000A168094B994202D0204601F031F8E1686D
:1010B000064B994204D02046BDE8104001F028B804
:1010C00010BD00BF58350520C03505202836052045
:1010D0000C4B04210C4A0D4810B51A600022FFF792
:1010E00095FF0A4B012209211C4603F16800FFF716
:1010F0008DFF022204F1D0001221BDE81040FFF75D
:1011000085BF00BF9036052079101108583505209D
:10111000014800F048BA00BF99360520014800F0A8
:1011200043BA00BF9936052010B50446FFF7F0FF1B
:10113000236A1BB1BDE81040FFF7F0BF044B2362E8
:10114000044B1B68002BF5D1FFF7C2FFF2E700BF8D
:1011500091101108903605202DE9F843074688467E
:1011600014460026D4E90195B9F1010905D5246892
:10117000002CF7D13046BDE8F883AB89012B07D9A5
:10118000B5F90E30013303D029463846C04706432F
:101190006835E9E70FB407B5064904AB086853F8AA
:1011A000042B8168019300F087FC03B05DF804EB29
:1011B00004B070470C020420036A70B505460E4661
:1011C00084680BB9FFF7B0FF636EDB0705D4A38912
:1011D000980502D4A06D00F0E6F9A389190702D59D
:1011E0002369002B35D12146284600F0FBF880B357
:1011F0004FF0FF35636EDA0705D4A3899B0502D44F
:10120000A06D00F0D1F9284670BD002B04DAA26968
:10121000934217DB0A2915D023685A1C22601970E3
:10122000A36816F8011F013BA3600029EDD1002B34
:1012300011DA22460A21284600F096F80130D7D06C
:101240000A25D7E72246284600F08EF80130E7D17C
:10125000CEE7013EE4E723685A1C22600A221A7096
:10126000EEE70000024B01461868FFF7A5BF00BF7C
:101270000C0204200CB4194B30B50C1E9DB01D6837
:1012800008DA8B234FF0FF302B601DB0BDE83040F3
:1012900002B070474FF402730290069002A9ADF8B5
:1012A00014304FF00003209A28461B9314BF04F11A
:1012B000FF332346049307934FF6FF73ADF81630C0
:1012C00021AB019300F0D6FA431CBCBF8B232B60EB
:1012D000002CDAD0029B00221A70D6E70C02042000
:1012E00010B50C46B1F90E1000F00EF90028ABBF96
:1012F000636DA3891B1823F48053ACBF6365A3817E
:1013000010BD2DE9F0411F468B8905460C46DB05D3
:10131000164605D502230022B1F90E1000F0E2F8BE
:10132000A3893246B4F90E10284623F48053A381D2
:101330003B46BDE8F04100F0F9B810B50C46B1F9F4
:101340000E1000F0CFF8421CB4F90C3015BF6065E8
:1013500023F4805343F48053A38118BFA38110BDAD
:10136000B1F90E1000F0AEB8F8B50E4614460546B9
:1013700018B1036A0BB9FFF7D7FEA369A360A3896D
:101380001A0701D5236943B92146284600F02AF8F7
:1013900018B14FF0FF373846F8BD2368F6B222691E
:1013A0003746981A6369834205DC2146284600F0D7
:1013B000AFFE0028EDD1A368013BA36023685A1C4F
:1013C00022601E70431C62699A4204D0A389DB0725
:1013D000E1D50A2EDFD12146284600F099FE0028EB
:1013E000D9D0D6E738B5284B05460C46186818B151
:1013F000036A0BB9FFF798FEB4F90C301A0721D431
:10140000D80607D409222A6043F040034FF0FF308A
:10141000A38130E0590712D5616B41B104F1440357
:10142000994202D0284600F0CDF8002363630022E1
:10143000B4F90C30626023F024032269226043F087
:101440000803A38122693AB99A0501D5180603D584
:101450002146284600F0A8FEB4F90C3013F0010232
:101460000AD00022A26062695242A261226942B996
:1014700013F08000C8D138BD990758BF6269A260D7
:10148000F4E70020F7E700BF0C0204200244034603
:10149000934200D1704703F8011BF9E70139034675
:1014A00010B532B111F8014F013A03F8014B002C8D
:1014B000F7D11A440021934200D110BD03F8011B5B
:1014C000F9E7000038B50023054D044608462B60B7
:1014D000F7F717FB431C02D12B6803B1236038BD1B
:1014E0009436052038B50446064D084611460022BC
:1014F0002A601A46F7F72CFB431C02D12B6803B174
:10150000236038BD9436052038B50446064D08469C
:10151000114600222A601A46F7F7D6FA431C02D178
:101520002B6803B1236038BD9436052038B50446D6
:10153000064D0846114600222A601A46FBF7C0FFF6
:10154000431C02D12B6803B1236038BD94360520BB
:10155000014B1868704700BF0C02042070B50D4B9A
:1015600000260D4D5B1B9C10A64209D10B4D00F0CF
:10157000E3FE0B4B00265B1B9C10A64205D170BD01
:1015800055F8043B01369847EEE755F8043B013621
:101590009847F2E7104D1108104D1108104D110831
:1015A000144D11087047704770470A44431E91421A
:1015B00000D1704710B511F8014B914203F8014F6B
:1015C000F9D110BD38B50546002941D051F8043C89
:1015D0000C1F002BB8BFE41800F0E0F81D4A136898
:1015E00033B9636014602846BDE8384000F0DCB8C9
:1015F000A34208D9206821188B4201BF19685B6893
:1016000009182160EDE71A465B680BB1A342FAD9CD
:1016100011685018A0420BD1206801445018116085
:101620008342E0D118685B68084453601060DAE7D1
:1016300002D90C232B60D6E7206821188B4202BF09
:1016400019685B680918636008BF21605460CAE7C5
:1016500038BD00BFA036052070B50F4E0C460546BC
:10166000316811B900F014FE30602146284600F0C0
:101670000FFE431C03D14FF0FF34204670BDC41C45
:1016800024F00304A042F8D0211A284600F000FEFE
:101690000130F2D1EFE700BF9C3605202DE9F84379
:1016A000CD1C064625F0030508350C2D38BF0C254A
:1016B000002D01DBA94204D90C2333600020BDE8D2
:1016C000F883DFF8D48000F069F8D8F800301C46C1
:1016D00044BB29463046FFF7BFFF431C044658D1A0
:1016E000D8F800402746002F43D1002C4BD0236868
:1016F0003946304604EB030900F0CAFD814542D16A
:10170000216830466D1A2946FFF7A6FF01303AD00E
:1017100023682B442360D8F800305A6862BBC8F8AD
:1017200000700FE02268521B20D40B2A17D96119D0
:10173000A342256018BF5960636808BFC8F800104D
:1017400062514B60304600F02FF804F10B00231D6E
:1017500020F00700C21A1CBF1B1AA350AFE7626833
:10176000A3420CBFC8F800205A60EBE72346646828
:10177000AEE73C467F68B6E71A465B68A342FBD1FA
:1017800000235360DEE70C233046336000F00CF892
:1017900094E70560D6E700BFA03605200148FFF7B3
:1017A00002BF00BF983605200148FFF7FDBE00BF0D
:1017B000983605202DE9F0471F468E6882460C4674
:1017C000BE429046334653D8B1F90C0010F4906FE6
:1017D0002BD065692368096905EB4505A3EB010971
:1017E00005EBD5757B1C6D104B442A46AB4284BF7C
:1017F0001D462A46430527D511465046FFF74EFFA2
:10180000064658B34A462169FFF7CFFEA38923F461
:10181000906343F08003A38126614E4465613B469B
:10182000A5EB090526603E46A5601F463A4641469F
:10183000206800F0F2FCA36800209B1BA3602368D3
:101840003B442360BDE8F087504600F03FFD06466C
:101850000028E1D121695046FFF7B4FE0C234FF078
:10186000FF30CAF80030A38943F04003A381E9E7C1
:101870003E46DBE72DE9F0471F468B899CB00646C4
:101880001B060D46144610D50B6973B94021FFF7AE
:1018900005FF2860286130B90C2333604FF0FF301A
:1018A0001CB0BDE8F08740236B61002303974FF025
:1018B0000108674F099320238DF8293030238DF8D4
:1018C0002A302346994613F8012B0AB1252AF9D16B
:1018D000B9EB040A0BD05346224629463046FFF79F
:1018E00069FF013000F0A480099A5244099299F8E6
:1018F0000030002B00F09C8000234FF0FF3209F1F4
:101900000109049307938DF853301A93CDE9052309
:101910004C4605224E4814F8011B00F0C9FC049BFC
:10192000D0B9D80644BF20228DF85320190744BFF0
:101930002B228DF8532099F800202A2A13D0079AD9
:101940004C4600204FF00A0C214611F8013B303B79
:10195000092B49D968B913E0C01BA14608FA00F069
:1019600018430490D4E7039A111D1268002A0391CA
:1019700001DB079204E0524243F002030792049312
:1019800023782E2B0AD163782A2B32D1039B023481
:101990001A1D1B6843EAE37303920593DFF8C090B6
:1019A00003222178484600F083FC38B1A0EB0900FF
:1019B0004022049B013482401343049314F8011B1A
:1019C000062224488DF8281000F072FC002835D03B
:1019D000214818BB039B073323F007030833039305
:1019E000099B034409936CE70CFB02320C4601206F
:1019F000AAE7002301344FF00A0C1946059320464C
:101A000010F8012B303A092A03D9002BC6D00591D2
:101A1000C4E70CFB012104460123F0E703AB2A468F
:101A200004A9304600930D4BAFF30080421CD7D180
:101A3000AB895B063FF532AF099831E703AB2A4625
:101A400004A930460093054B00F0BCF9EEE700BF57
:101A5000D44C1108DE4C110800000000B517110825
:101A6000DA4C11089368013B002B10B4936008DA3C
:101A70009469A34201DB0A2903D15DF8044BFFF707
:101A800073BC1368581C1060084619705DF8044B4D
:101A90007047F8B506460F461446D518AC4201D13A
:101AA000002007E03A4614F8011B3046FFF7DAFF42
:101AB000431CF3D1F8BD00002DE9F0470D469CB062
:101AC00014461F46064618B1036A0BB9FFF72CFBF4
:101AD0006B6ED90705D4AB899A0502D4A86DFFF7C0
:101AE00062FDAB891B0701D52B699BB9294630469E
:101AF000FFF778FC70B16B6EDC0704D54FF0FF3058
:101B00001CB0BDE8F087AB899805F7D4A86DFFF746
:101B10004BFDF3E7002303974FF001086B4F099348
:101B200020238DF8293030238DF82A30234699461A
:101B300013F8012B0AB1252AF9D1B9EB040A0BD00D
:101B40005346224629463046FFF7A3FF013000F0F6
:101B5000A480099A5244099299F80030002B00F0B1
:101B60009C8000234FF0FF3209F101090493079391
:101B70008DF853301A93CDE905234C46052253487E
:101B800014F8011B00F094FB049BD0B9D90644BFA4
:101B900020228DF853201A0744BF2B228DF85320A2
:101BA00099F800202A2A13D0079A4C4600204FF0BB
:101BB0000A0C214611F8013B303B092B49D968B981
:101BC00013E0C01BA14608FA00F018430490D4E7C4
:101BD000039A111D1268002A039101DB079204E0A9
:101BE000524243F002030792049323782E2B0AD12A
:101BF00063782A2B32D1039B02341A1D1B6843EAF7
:101C0000E37303920593DFF8D490032221784846CA
:101C100000F04EFB38B1A0EB09004022049B0134D8
:101C200082401343049314F8011B062228488DF8C0
:101C3000281000F03DFB00283ED0264818BB039B2F
:101C4000073323F0070308330393099B03440993E5
:101C50006CE70CFB02320C460120AAE7002301349A
:101C60004FF00A0C19460593204610F8012B303A24
:101C7000092A03D9002BC6D00591C4E70CFB01212A
:101C800004460123F0E703AB2A4604A9304600933B
:101C9000114BAFF30080431CD7D16B6ED90705D42D
:101CA000AB899A0502D4A86DFFF77EFCAB895B0671
:101CB0003FF524AF099823E703AB2A4604A9304631
:101CC0000093054B00F07EF8E5E700BFD44C110807
:101CD000DE4C110800000000931A1108DA4C1108BC
:101CE0002DE9F047164698468A6807460B690C4668
:101CF000DDF820909342B8BF1346336091F843203B
:101D00000AB1013333602368990642BF3368023356
:101D10003360256815F0060506D104F1190AE36859
:101D200032689B1AAB422BDC94F843302268003BAC
:101D300018BF0123920630D404F1430241463846CD
:101D4000C847013023D023681A3454F80A2C03F012
:101D50000603042B0ABF54F80E5C002533684FF0CD
:101D6000000608BFED1A54F8123C08BF25EAE575D5
:101D70009342C4BF9B1AED18B5421AD1002008E067
:101D80000123524641463846C847013003D14FF03F
:101D9000FF30BDE8F0870135C1E7E1185A1C30205B
:101DA0000233224481F8430094F8451082F843102E
:101DB000C2E70123224641463846C8470130E6D0F3
:101DC0000136D9E72DE9F0430D7E85B090460746F0
:101DD000782D0C4699460C9E01F1430207D8622DDE
:101DE0000AD8002D00F0D780582D00F0BC8004F1F7
:101DF000420684F842503BE0A5F16303152BF6D868
:101E000001A151F823F000BF611E1108751E1108D1
:101E1000EF1D1108EF1D1108EF1D1108EF1D11082E
:101E2000751E1108EF1D1108EF1D1108EF1D110897
:101E3000EF1D11087D1F11089F1E11082F1F11088B
:101E4000EF1D1108EF1D11089F1F1108EF1D11084C
:101E50009F1E1108EF1D1108EF1D1108371F1108F3
:101E600033681A1D1B68326004F1420684F8423060
:101E70000123A1E033682068191D3160060601D5F1
:101E80001D6803E04506FBD5B3F90050002D03DAC9
:101E90002D236D4284F843305B480A2311E021680A
:101EA0003368080653F8045B02D4490648BFADB254
:101EB0003360237E54486F2B5CD10823002184F8C3
:101EC00043106668002EA66005DB21682E4321F0D2
:101ED0000401216050D01646B5FBF3F103FB115C01
:101EE00010F80CC006F801CDAC460D466345F3D999
:101EF000082B0BD12368DB0708D523696168994259
:101F0000DEBF302306F8013C06F1FF36921B22614A
:101F1000434603AA21463846CDF80090FFF7E0FE7D
:101F200001304ED14FF0FF3005B0BDE8F08323689B
:101F300043F02003236078253448236884F8455013
:101F400013F0800F316851F8045B03D113F0400F98
:101F500018BFADB23160D90744BF43F020032360FE
:101F60001DB11023AAE72848E7E7236823F02003E0
:101F70002360F6E70A23A1E71646B9E73368256828
:101F8000181D616930602E061B6801D5196002E0DA
:101F90006806FBD51980002316462361B8E733682D
:101FA00000211A1D32601E686268304600F080F918
:101FB00008B1801B606063682361002384F84330AC
:101FC000A6E72369324641463846C8470130A9D0C2
:101FD00023689B0713D4E068039B9842B8BF184658
:101FE000A2E70123324641463846C847013099D01E
:101FF0000135E36803995B1AAB42F2DCEBE700259D
:1020000004F11906F5E700BFE54C1108F64C11087C
:10201000B1F90C202DE9F041160705460C4651D4C4
:102020004B68002B02DC0B6C002B49DDE66A002EAE
:1020300046D0002312F480522F682B6031D0626D9D
:10204000A389590705D56368D21A636B0BB1236C5A
:10205000D21A0023E66A216A2846B047421CB4F926
:102060000C3006D129681D2945D8284ACA40D60710
:1020700041D50022D90462602269226004D5421C45
:1020800001D12B6803B96065616B2F60C1B104F1A8
:102090004403994202D02846FFF794FA0023636371
:1020A0000EE00123216A2846B0470246501CC7D1E2
:1020B0002B68002BC4D01D2B01D0162B19D12F60FB
:1020C00000201DE00F69002FFAD093070E680F6003
:1020D0000CBF4B690023A6EB07088B60B8F1000F1B
:1020E000EEDD43463A46216A2846A66AB0470028F4
:1020F00008DCB4F90C3043F040034FF0FF30A3810B
:10210000BDE8F0810744A8EB0008E7E701004020A4
:1021100038B50B6905460C4613B90025284638BD6D
:1021200018B1036A0BB9FEF7FFFFB4F90C30002BAE
:10213000F3D0626ED00704D4990502D4A06DFFF7E6
:1021400032FA28462146FFF763FF636E0546DA0739
:10215000E4D4A3899B05E1D4A06DFFF725FADDE760
:1021600070B50C46B1F90E1096B0154600291E4602
:102170000ADAA18911F0800113D14FF480620020A6
:1021800031602A6016B070BD6A4600F05FF8002822
:10219000EFDB019901F47041A1F500535942594117
:1021A000EBE700214022EAE78B8973B59E070546DD
:1021B0000C4607D504F147032360236101236361C3
:1021C00002B070BD01AB6A46FFF7CAFF009E284609
:1021D0003146FFF763FAB4F90C3038B99A05EFD4F9
:1021E00023F0030343F00203A381E3E743F08003FA
:1021F0002060A381019BC4E90406002BE0D0B4F960
:102200000E10284600F034F80028D9D0A38923F016
:10221000030343F00103A381D2E7884210B501EB29
:10222000020402D98442234607D8431EA14207D0A4
:1022300011F8012B03F8012FF8E70244824200D184
:1022400010BD13F8011D02F8011DF7E738B5002392
:10225000064D0446084611462B60F6F75EFC431C0B
:1022600002D12B6803B1236038BD00BF943605202E
:1022700038B50023054D044608462B60F6F75DFC93
:10228000431C02D12B6803B1236038BD943605206E
:1022900038B50023054D044608462B60F6F7DEFBF3
:1022A000431C02D12B6803B1236038BD943605204E
:1022B000C9B20346024410B59342184601D100202A
:1022C00003E0047801338C42F6D110BD2DE9F041D2
:1022D000074614460D4621B91146BDE8F041FFF707
:1022E000DDB92AB92546FFF76DF92846BDE8F0812A
:1022F00000F01AF88442064602D8B4EB500FF4D826
:1023000021463846FFF7CAF9804608B94546ECE74A
:10231000B4422246294628BF3246FFF746F92946ED
:102320003846FFF74FF9F1E751F8043C181F002B2E
:10233000BCBF0B58C0187047F8B500BFF8BC08BC4C
:102340009E467047F8B500BFF8BC08BC9E46704773
:102350005FF800F029E00F0C5FF800F019E00F0CB7
:082360005FF800F021E00F0C12
:1023680053542D4C494E4B205643502055534152FF
:1023780054312026204C50554152543120402031B0
:10238800313532303000000053544D333255353733
:10239800352054525553545A4F4E4520534D4152AF
:1023A80054204D4554455220494E495449414C49C1
:1023B8005A454400426F6F74696E672052544F53F8
:1023C8002E2E2E0053544D33325535373520535465
:1023D800415254005B4552524F525D20476167613C
:1023E8006C206D656D6275617420736562616769E3
:1023F800616E204672656552544F53207461736B49
:10240800210D00005B52544F535D204D656D756C76
:102418006169204672656552544F5320536368655D
:1024280064756C65722E2E2E0D00000049444C45D3
:1024380000000000546D722053766300546D725191
:102448000000000031323334353637383930310046
:10245800525553414B0000002D000000524556458F
:1024680052534500455252323600000050455249F9
:102478004B5341004552523230000000455252320F
:1024880031000000455252323200000045525232AB
:102498003300000045525232340000004552523297
:1024A8003500000045525232370000004552523084
:1024B8003000000045525230310000004552523081
:1024C800320000004552523033000000455252306D
:1024D8003400000045525230350000004552523059
:1024E8003600000045525230370000004155544F25
:1024F800000000004D414E55414C000028212900A4
:10250800204F4B20000000005B25735D20257300E1
:10251800494450454C3A000025730000564F4C542E
:10252800414745205048415345205200256C752E9F
:10253800256C752056000000564F4C5441474520E5
:102548005048415345205300564F4C54414745206D
:10255800504841534520540043555252454E54204B
:102568005048415345205200256C752E2530336C58
:102578007520410043555252454E5420504841530E
:102588004520530043555252454E5420504841531C
:102598004520540043555252454E54204E455554FB
:1025A80052414C0041435449564520504F574552DB
:1025B80000000000000000002573256C752E2530F2
:1025C800336C75206B5700005245414354495645BA
:1025D80020504F57455200002573256C752E253025
:1025E800336C75206B7661720000000041505041D9
:1025F80052454E5420504F5745520000256C752EB9
:102608002530336C75206B5641000000504F5745FC
:102618005220464143544F5200000000256C752E4D
:102628002530336C75000000475249442046524516
:102638005155454E43590000256C752E2530326C96
:102648007520487A00000000544F54414C20454EF4
:102658004552475900000000256C752E2530326C14
:1026680075206B576800000053544154555320534C
:1026780041424F5441534500257320257300000003
:10268800444953504C415920504147452025640046
:102698002D2D2D00525553414B0000000000000025
:1026A8000000000030302E303000000021414C4D39
:1026B800000000004F4B000039362E30310000007A
:1026C8003031000033322E30370000003032000045
:1026D800256C752E256C75005600000035322E309D
:1026E800370000003033000037322E30370000004A
:1026F8003034000033312E30370000003035000010
:10270800256C752E2530326C7500000041000000E4
:1027180035312E30370000003036000037312E308A
:10272800370000003037000039312E303700000004
:102738003038000030312E303700000030390000CA
:102748002573256C752E2530336C75006B5700008A
:1027580030332E3037000000313000006B76617264
:102768000000000030392E30370000003131000001
:102778006B56410031332E303700000031320000F3
:102788005046000031342E3037000000313300004D
:10279800487A000030312E30380000003134000013
:1027A8006B57680039362E3530000000414C000068
:1027B8002D2D00002573205B425D204C31323320E3
:1027C80049313233202573003533303030303030E2
:1027D800303030310000000021414C4D2028534159
:1027E800424F5441534529004E4F524D414C000031
:1027F8005B4F4C454420444953505D205061676508
:10280800202564205B25735D202D3E204F424953CF
:102818003A202573207C202573202573207C2053A3
:1028280074617475733A2025730D0A00353330309E
:102838003030303030303031000000005B52544FBF
:10284800535D20416C6C204533204669726D776179
:1028580072652053756273797374656D732C20519A
:1028680075657565732C204D7574657865732026BC
:10287800204E5652414D20496E697469616C697ADF
:102888006564205375636365737366756C6C792131
:10289800000000005B54414D5045525D2054617367
:1028A8006B20737461727465642E204D656E756E4D
:1028B800676775206576656E74207361626F7461F1
:1028C80073652E2E2E0D00005B54414D5045525D10
:1028D800202A2A2A2044415255524154212053414A
:1028E800424F5441534520544552444554454B5357
:1028F80049202843415345204F50454E29202A2A34
:102908002A0D00005B54414D5045525D20536162D1
:102918006F7461736520646970756C69686B616E4A
:102928002E2053697374656D206B656D62616C69E7
:10293800206E6F726D616C2E0D0000005B4D45546A
:10294800524F4C4F47595D205461736B207374612B
:10295800727465642E2053616D706C696E673A20DD
:1029680031303030206D732E2050726F66696C697B
:102978006E673A203135206D656E69742E0D000042
:102988005B50524F46494C455D20536E61707368E9
:102998006F742070726F66696C20626562616E2068
:1029A80031352D6D656E6974206265726861736971
:1029B8006C20646962656B756B616E2E0D0000009A
:1029C8005B444C4D535D2054616D706572204576B3
:1029D800656E7420646963617461742120436F6457
:1029E800653A203078253032582C2053746174753C
:1029F800733A2025642C2054696D653A20256C753E
:102A080020732028546F74616C204C6F673A20251E
:102A180075290D0A000000005B444C4D535D20549D
:102A280061736B20737461727465642E20536572D0
:102A380076657220444C4D532F434F53454D2048E3
:102A4800444C4320416374697665210D0000000001
:102A580054616D7065725461736B00005B4552522E
:102A68004F525D20476167616C206D656D627561CD
:102A7800742054616D7065725461736B210D000090
:102A880050726F66696C655461736B005B45525296
:102A98004F525D20476167616C206D656D6275619D
:102AA800742050726F66696C655461736B210D00F8
:102AB800444C4D535461736B000000005B45525207
:102AC8004F525D20476167616C206D656D6275616D
:102AD8007420444C4D535461736B210D0000000069
:102AE8004F4C45445461736B000000005B455252E3
:102AF8004F525D20476167616C206D656D6275613D
:102B080074204F4C45445461736B210D0000000044
:102B18000A3D3D3D3D3D3D3D3D3D3D3D3D3D3D3D10
:102B28003D3D3D3D3D3D3D3D3D3D3D3D3D3D3D3DCD
:102B38003D3D3D3D3D3D3D3D3D3D3D3D3D3D3D3DBD
:102B48003D3D3D0053595354454D2048415244574B
:102B5800415245204252494E472D555020494E4931
:102B68005449414C495A4544000000002020202582
:102B78002D3434732020200A0000000055534152A0
:102B880054322040203131353230302062707300A9
:102B9800202020436F6E736F6C6520554152543A64
:102BA80020252D3332730A00202020537973746551
:102BB8006D20436C6F636B3A20256C75204D487A05
:102BC800207C204750444D413120414354495645CB
:102BD800202020202020202020200A003D3D3D3DAF
:102BE8003D3D3D3D3D3D3D3D3D3D3D3D3D3D3D3D0D
:102BF8003D3D3D3D3D3D3D3D3D3D3D3D3D3D3D3DFD
:102C08003D3D3D3D3D3D3D3D3D3D3D3D3D3D0A005C
:102C180053544D33325535373520535441525400AF
:102C2800426F6F74696E672052544F532E2E2E00D8
:102C380021414C4D000000004F4B00005B425D00FD
:102C48004C313233000000004931323300000000BB
:102C58005B4F4C45445D204D656E63617269206D24
:102C68006F64756C2053534431333036207061647F
:102C780061204932433120285042383D53434C2C7F
:102C8800205042393D534441292E2E2E0D0000007C
:102C98005B493243205343414E5D204D656D696E5B
:102CA8006461692073656C7572756820616C616D0B
:102CB80061742049324320312E2E3132372E2E2E88
:102CC8000D0000005B493243205343414E5D2044D0
:102CD8006974656D756B616E20706572616E676B86
:102CE800617420493243207061646120616C616DB8
:102CF80061743A203078253032580D0A00000000FF
:102D08005B493243205343414E5D20506572696EE2
:102D1800676174616E3A20546964616B2061646113
:102D280020706572616E676B617420493243207947
:102D3800616E67206D65726573706F6E73204143B5
:102D48004B210D005B4F4C45445D205353443133B8
:102D5800303620544552444554454B534920706100
:102D6800646120616C616D61742049324320307860
:102D780025303258210D0A005B5741524E5D2053D1
:102D8800534431333036204F4C4544205449444154
:102D98004B204D45524553504F4E53206469206295
:102DA8007573204932433120285042383D53434CF3
:102DB8002C205042393D53444129210D0000000088
:102DC8002020202020202050617374696B616E20C0
:102DD8006B6162656C3A205643432D3E332E335661
:102DE8002C20474E442D3E474E442C2053434C2D17
:102DF8003E50423828443135292C205344412D3E39
:102E080050423928443134292E0D00005B4F4C457F
:102E1800445D2050616E656C206469616B746966FD
:102E28006B616E21204D656E6A616C616E6B616EBF
:102E38002073656C662D7465737420666C617368A5
:102E480020283430306D73292E2E2E0D00000000FE
:102E58005B4F4C45445D20496E697369616C6973C9
:102E680061736920535344313330362053756B7383
:102E78006573210D00000000414445393030302091
:102E88004D6F636B20696E697469616C697A6564FA
:102E98002E0A00004D6F636B3A20756E6B6E6F776C
:102EA8006E207265676973746572203078253033D7
:102EB800580A00004D6F636B3A2077726974652079
:102EC800746F20756E737570706F7274656420729C
:102ED80065676973746572203078253033580A0045
:102EE80000000000000000000102030406070809B2
:102EF8000000000001020304006CDC0200366E01D1
:102F08000024F400001BB70000093D0080841E0067
:102F1800504B140040420F0000E02E0000701700D4
:102F280000A00F0000B80B00801A0600400D030037
:102F380088070200A086010000000242010000008C
:102F480000000242030000000000024206000000E8
:102F58000004024201000000000402420A000000CE
:102F68000008024202000000000C02420D000000AE
:102F7800000C024202000000000802420A000000A1
:102F88000004024200000000000802420C00000099
:102F98000004024203000000000402420400000092
:102FA800001002420000000000100242020000006F
:102FB80000100242030000000100020004000600A5
:102FC80008000A000C0010002000400080000001EA
:102FD80001010103070100000804020408010101BE
:102FE800060000000000891112239B322446AD57C9
:102FF8003665BF74488CC19D5AAFD3BE6CCAE5DB39
:103008007EE9F7F88110080193331A22A5562C4758
:10301800B7753E64C99C408DDBBF52AEEDDA64CB18
:10302800FFF976E802218B30100299132667AF76F4
:103038003444BD554AADC3BC588ED19F6EEBE7FAF8
:103048007CC8F5D983310A2091121803A7772E6618
:10305800B5543C45CBBD42ACD99E508FE0FB69EAE4
:10306800F2D87BC904428D5316619F702004A915BC
:103078003227BB364CCEC5DF5EEDD7FC6888E199B8
:103088007AABF3BA85520C4397711E60A1142805D8
:10309800B3373A26CDDE44CFDFFD56ECE998608998
:1030A800FBBB72AA06638F7214409D512225AB3474
:1030B8003006B9174EEFC7FE5CCCD5DD6AA9E3B878
:1030C800788AF19B87730E6295501C41A3352A2498
:1030D800B1163807CFFF46EEDDDC54CDEBB962A858
:1030E800F99A708B088481951AA793B62CC2A5D338
:1030F8003EE1B7F04008C919522BD13A644EED5F52
:10310800766DFD7C899400859BB712A6ADD224C349
:10311800BFF136E0C1184809D33B5A2AE55E6C4F27
:10312800F77D7E6C0AA583B4188691972EE3A7F2E3
:103138003CC0B5D14229CB38500AD91B666FEF7E07
:10314800744CFD5D8BB502A499961087AFF326E207
:10315800BDD034C1C3394A28D11A580BE77F6E6EE7
:10316800F55C7C4D0CC685D71EE597F42880A191A7
:103178003AA3B3B2444AC35B5669DF78600CE91DD1
:10318800722FFB3E8DD604C79FF516E4A9902081C7
:10319800BBB332A2C55A4C4BD7795E68E11C680DA7
:1031A800D33E5A2F0EE787F61CC495D52AA1A3B0A3
:1031B8003882B193466BCF7A5448DD59622DEB3C87
:1031C800700EF91F8FF706E69DD414C5ABB122A087
:1031D800B9923083C77B4E6AD5585C49E33D6A2C67
:1031E800F11E780F3BF31008B5F3100849F31008E7
:1031F80000000000000000000000000000000000C7
:103208000000000000100010001000100010001056
:10321800000000100000000000280028002800001E
:10322800000000000000000000000000002400244E
:10323800007C00240048007C004800480000000092
:10324800003800540050003800140054005400386E
:1032580000100000002000540058003000280054DE
:1032680000140008000000000010002800280010CA
:10327800003400480048003400000000001000102E
:103288000010000000000000000000000000000026
:10329800000800100020002000200020002000204E
:1032A80000100008002000100008000800080008AE
:1032B8000008000800100020001000380010002846
:1032C80000000000000000000000000000000000F6
:1032D80000100010007C001000100000000000002A
:1032E80000000000000000000000000000000010C6
:1032F800001000100000000000000000000000386E
:1033080000000000000000000000000000000000B5
:103318000000000000000010000000000008000885
:103328000010001000100010002000200000000015
:10333800003800440044005400440044004400386D
:1033480000000000001000300050001000100010B5
:103358000010001000000000003800440044000481
:10336800000800100020007C000000000038004425
:1033780000040018000400040044003800000000A5
:1033880000080018002800280048007C00080008F1
:1033980000000000007C00400040007800040004A9
:1033A8000044003800000000003800440040007865
:1033B800004400440044003800000000007C000481
:1033C800000800100010002000200020000000006D
:1033D80000380044004400380044004400440038E9
:1033E800000000000038004400440044003C000491
:1033F8000044003800000000000000000010000039
:1034080000000000000000100000000000000000A4
:103418000000001000000000000000100010001064
:1034280000000000000C003000400030000C0000DC
:1034380000000000000000000000007C0000007C8C
:1034480000000000000000000000000000600018FC
:10345800000400180060000000000000003800446C
:103468000004000800100010000000100000000018
:1034780000380044004C0054005C00400040003814
:103488000000000000100028002800280028007C08
:103498000044004400000000007800440044007824
:1034A8000044004400440078000000000038004454
:1034B8000040004000400040004400380000000088
:1034C8000070004800440044004400440048007074
:1034D80000000000007C00400040007C00400040EC
:1034E8000040007C00000000007C004000400078A4
:1034F8000040004000400040000000000038004448
:1035080000400040005C0044004400380000000017
:10351800004400440044007C00440044004400444B
:10352800000000000038001000100010001000100B
:10353800001000380000000000040004000400042B
:103548000004000400440038000000000044004863
:10355800005000600050004800480044000000008F
:103568000040004000400040004000400040007C17
:10357800000000000044006C006C0054004400444B
:10358800004400440000000000440064006400544B
:103598000054004C004C0044000000000038004477
:1035A8000044004400440044004400380000000087
:1035B8000078004400440044007800400040004087
:1035C8000000000000380044004400440044004467
:1035D800005400380004000000780044004400440F
:1035E800007800480048004400000000003800440B
:1035F80000400030000800040044003800000000CB
:10360800007C0010001000100010001000100010C6
:10361800000000000044004400440044004400440A
:103628000044003800000000004400440044002822
:10363800002800280010001000000000004400448A
:10364800005400540054006C0028002800000000BA
:10365800004400280028001000100028002800441A
:10366800000000000044004400280028001000105A
:103678000010001000000000007C0004000800108A
:10368800001000200040007C00000000001800101E
:10369800001000100010001000100010001000189A
:1036A8000020002000100010001000100008000882
:1036B8000000000000300010001000100010001082
:1036C80000100010001000300010002800280044EE
:1036D80000000000000000000000000000000000E2
:1036E800000000000000000000000000000000FED4
:1036F8000020001000000000000000000000000092
:10370800000000000000000000380044003C0044B5
:10371800004C0034000000000040004000580064E5
:10372800004400440064005800000000000000004D
:103738000038004400400040004400380000000009
:10374800000400040034004C00440044004C0034E1
:10375800000000000000000000380044007C004029
:103768000044003800000000000C0010007C00102D
:103778000010001000100010000000000000000001
:103788000034004C00440044004C0034000400782D
:1037980000400040005800640044004400440044D5
:1037A8000000000000100000007000100010001061
:1037B8000010001000000000001000000070001051
:1037C8000010001000100010001000E00040004041
:1037D800004800500060005000480044000000000D
:1037E80000700010001000100010001000100010F1
:1037F800000000000000000000780054005400544D
:10380800005400540000000000000000005800644C
:103818000044004400440044000000000000000090
:103828000038004400440044004400380000000010
:103838000000000000580064004400440064005880
:1038480000400040000000000034004C00440044E8
:10385800004C00340004000400000000005800641C
:103868000040004000400040000000000000000050
:103878000038004400300008004400380000000010
:1038880000200020007800200020002000200018E0
:103898000000000000000000004400440044004410
:1038A800004C003400000000000000000044004408
:1038B8000028002800280010000000000000000078
:1038C800005400540054006C002800280000000038
:1038D80000000000004400280010001000280044E8
:1038E80000000000000000000044004400280028F8
:1038F800001000100010006000000000007C0008AC
:10390800001000200040007C00000000001800109B
:1039180000100010002000200010001000100018F7
:10392800001000100010001000100010001000100F
:1039380000100010003000100010001000080008EF
:10394800001000100010003000000000000000749B
:10395800004C000000000000000000000000000013
:10396800000000000000000000000000000000004F
:10397800000000000000000000000000000000003F
:103988000000000C000C000C000C000C000C000CDB
:10399800000C000C000C000C0000000C000C0000D7
:1039A800000000000000001B001B001B001B001B88
:1039B80000000000000000000000000000000000FF
:1039C8000000000000000000000080198019801924
:1039D8008019C07FC07F80190033C07FC07F00334B
:1039E8000033003300330000000000000000001E18
:1039F800003F807580650074003C001E000780054C
:103A0800806580658075003F001E0004000400008A
:103A18000000007000D840D8C0D880D900730006D4
:103A2800000C801BC036C066C046C006800300007C
:103A3800000000000000001E003F00330033003388
:103A4800001E000CC03CC066806380618063C03E7D
:103A5800801C0000000000000000000C000C000C9E
:103A6800000C000C00000000000000000000000036
:103A780000000000000000000000000080000001BD
:103A88000003000600060004000C000C000C000CEB
:103A9800000C000C00040006000600030001800072
:103AA800002000100018000C000C0004000600069E
:103AB80000060006000600060004000C000C0018B2
:103AC800001000200000000C002D003F001E0033F5
:103AD80000000000000000000000000000000000DE
:103AE8000000000000000000000000000000000CC2
:103AF800000C000C000CC0FFC0FF000C000C000CF8
:103B0800000C0000000000000000000000000000A1
:103B1800000000000000000000000000000000009D
:103B2800000000000000000C000C00040004000865
:103B3800000000000000000000000000000000007D
:103B48000000001E001E0000000000000000000031
:103B5800000000000000000000000000000000005D
:103B68000000000000000000000000000000000C41
:103B7800000C000000000000000000030003000328
:103B88000006000600060006000C000C000C000CE5
:103B98000018001800180000000000000000001EB7
:103BA800003F0033806180618061806D806D80613D
:103BB800806180610033003F001E000000000000AB
:103BC80000000006000E001E003600260006000653
:103BD80000060006000600060006000600060000B3
:103BE800000000000000001E003F807380618061BB
:103BF800800100030006000C001800300060807F80
:103C0800807F0000000000000000001C003E0063F0
:103C180000630003000E000E000380018001806134
:103C28008073003F001E0000000000000000000636
:103C3800000E000E001E001E00160036003600663C
:103C4800807F807F0006000600060000000000005C
:103C58000000007F007F006000600060006E007F51
:103C680080638001800180618073003F001E000036
:103C7800000000000000001E003F803380610060EB
:103C8800006E007F80738061806180618033003FB7
:103C9800001E0000000000000000807F807F80017F
:103CA8000003000300060006000C000C000C0008CE
:103CB8000018001800180000000000000000001E96
:103CC800003F8063806180610021001E003F8061A9
:103CD800806180618061003F001E000000000000DC
:103CE8000000001E003F0073806180618061807366
:103CF800803F801D800180610073003F001E00002E
:103D08000000000000000000000000000000000C9F
:103D1800000C000000000000000000000000000C83
:103D2800000C00000000000000000000000000007F
:103D380000000000000C000C000000000000000063
:103D48000000000C000C0004000400080000000043
:103D58000000000080008003000E0038006000387A
:103D6800000E80038000000000000000000000003A
:103D780000000000000000000000807F807F00003D
:103D88000000807F807F000000000000000000002D
:103D9800000000000000000000000000004000706B
:103DA800001C000780010007001C00700040000094
:103DB80000000000000000000000001F803FC071EC
:103DC800C060C000C00180030007000E000C000C9A
:103DD8000000000C000C0000000000000000001EA5
:103DE800003F803180718063806F806D806D806F4F
:103DF800806700600032003E001C000000000000E8
:103E08000000000E000E001B001B001B001B803171
:103E18008031803F803F8031C060C060C06000005A
:103E2800000000000000007C007E00630063006367
:103E38000063007E007E0063806180618063007F94
:103E4800007E0000000000000000001E003F8031DE
:103E58008061006000600060006000600060806158
:103E68008031003F001E0000000000000000007CC0
:103E7800007F006380638061806180618061806110
:103E8800806100630063007E007C00000000000089
:103E98000000807F807F0060006000600060007F1D
:103EA800007F0060006000600060807F807F00000D
:103EB800000000000000807F807F006000600060DC
:103EC8000060007F007F00600060006000600060AC
:103ED80000600000000000000000001E003F80316C
:103EE8008061006000600060806380638061806141
:103EF8008031803F001E000000000000000080614B
:103F080080618061806180618061807F807F806165
:103F18008061806180618061806100000000000034
:103F28000000003F003F000C000C000C000C000CCF
:103F3800000C000C000C000C000C003F003F0000BF
:103F480000000000000080018001800180018001E4
:103F58008001800180018001806180618073003F61
:103F6800001E0000000000000000C06080610063C7
:103F780000660066006C0078007C006600660063DE
:103F880080618061C06000000000000000000060E7
:103F98000060006000600060006000600060006019
:103FA800006000600060807F807F000000000000EB
:103FB8000000C071C071C07BC07AC06AC06AC06EA0
:103FC800C064C060C060C060C060C060C060000005
:103FD800000000000000807180718079807980790C
:103FE800806D806D806D8065806780678067806385
:103FF80080630000000000000000001E003F003346
:1040080080618061806180618061806180618061A0
:104018000033003F001E0000000000000000007E8A
:10402800007F80638061806180618063007F007EA3
:104038000060006000600060006000000000000098
:104048000000001E003F0033806180618061806154
:1040580080618061806580670033803F401E00007A
:10406800000000000000007E007F806380618061A6
:104078008063007F007E006600630063806180616A
:10408800C0600000000000000000000E001F80312A
:10409800803100300038001E000780038061806195
:1040A8008031003F001E0000000000000000C0FF3B
:1040B800C0FF000C000C000C000C000C000C000CE5
:1040C800000C000C000C000C000C000000000000AC
:1040D80000008061806180618061806180618061B1
:1040E80080618061806180618073003F001E0000F4
:1040F800000000000000C060C060C06080318031F6
:104108008031001B001B001B001B000E000E000E60
:1041180000040000000000000000C0C0C0C0C0C013
:10412800C0C0C0C0C0CC804C804C805E80528052E1
:104138008073806180610000000000000000C0C042
:10414800806080610033003B001E000C000C001EE4
:10415800001F003B80718061C0C0000000000000AB
:104168000000C0C08061806100330033001E001E63
:10417800000C000C000C000C000C000C000C0000E3
:10418800000000000000803F803F80010003000322
:104198000006000C000C0018001800300060807F3A
:1041A800807F000000000000000F000F000C000CD2
:1041B800000C000C000C000C000C000C000C000C97
:1041C800000C000C000C000C000F000F0000001881
:1041D80000180018000C000C000C000C000600066B
:1041E80000060006000300030003000000000000B2
:1041F800001E001E00060006000600060006000657
:104208000006000600060006000600060006000676
:10421800001E001E0000000C000C001E00120033DF
:104228000033806180610000000000000000000091
:104238000000000000000000000000000000000076
:104248000000000000000000000000000000000066
:104258000000000000000000E0FF0000000000383F
:104268000018000C00000000000000000000000022
:104278000000000000000000000000000000000036
:1042880000000000000000000000001F803F806167
:104298008001801F803F80618063807FC03800007C
:1042A8000000000000000060006000600060006E18
:1042B800007F807380618061806180618073007F8E
:1042C800006E000000000000000000000000000078
:1042D8000000001E003F8073806100600060806104
:1042E8008073003F001E00000000000000008001F5
:1042F800800180018001801D803F80738061806122
:10430800806180618073803F801D00000000000094
:1043180000000000000000000000001E003F0073C5
:104328008061807F807F00608071003F001E0000F8
:10433800000000000000C007C00F000C000C807FC8
:10434800807F000C000C000C000C000C000C000C12
:10435800000C000000000000000000000000000049
:10436800801D803F8073806180618061806180737F
:10437800803F801D80018063007F003E0000006058
:10438800006000600060006F807F807180618061E4
:1043980080618061806180618061000000000000B0
:1043A80000000006000600000000003E003E000677
:1043B80000060006000600060006000600060000CB
:1043C800000000000006000600000000003E003E5D
:1043D80000060006000600060006000600060006A5
:1043E80000060046007E003C00000060006000609F
:1043F8000060806100630066006C007C00760063EA
:1044080000638061C0600000000000000000003E02
:10441800003E00060006000600060006000600062C
:104428000006000600060006000600000000000066
:104438000000000000000000000080DDC0FFC0CECA
:10444800C0CCC0CCC0CCC0CCC0CCC0CCC0CC000090
:104458000000000000000000000000000000006FE5
:10446800807F80718061806180618061806180610E
:104478008061000000000000000000000000000053
:104488000000001E003F8073806180618061806150
:104498008073003F001E00000000000000000000C4
:1044A80000000000006E007F807380618061806181
:1044B80080618073007F006E0060006000600060B3
:1044C8000000000000000000801D803F80738061B4
:1044D8008061806180618073803F801D80018001E0
:1044E800800180010000000000000000000000675B
:1044F800803F00390030003000300030003000309C
:104508000030000000000000000000000000000073
:104518000000001E803F80610060007F803F8001B6
:104528008061007F001E0000000000000000000005
:10453800000800180018007F007F001800180018F5
:10454800001800180018801F800F000000000000ED
:1045580000000000000000000000806180618061B0
:1045680080618061806180618063807F803D000020
:104578000000000000000000000000000000C06013
:10458800803180318031001B001B001B000E000EA3
:10459800000600000000000000000000000000000D
:1045A800000080DD80DD80DD005500550055007776
:1045B8000077002200220000000000000000000038
:1045C800000000000000806100330033001E000C72
:1045D800000C001E00330033806100000000000062
:1045E800000000000000000080618061803100331D
:1045F8000033001B001B001B000E000E000E001CE9
:10460800007C007000000000000000000000C07F77
:10461800C07F800100030006000C00180030C07F36
:10462800C07F00000000000080038007000600062D
:10463800000600060006000E001C001C000E000606
:104648000006000600060006800780030006000634
:104658000006000600060006000600060006000622
:104668000006000600060006000600060006000612
:104678000038003C000C000C000C000C000C000E74
:1046880000070007000E000C000C000C000C000CCA
:10469800003C00380000000000000000000000009E
:1046A80000008038807F0047000000000000000004
:1046B80000000000000000000000000000000000F2
:1046C8000000000000000000002000200020002062
:1046D80000200000002000000050005000500000A2
:1046E80000000000000000000050005000F80050DA
:1046F80000F80050005000000020007800A0007072
:10470800002800F00020000000C000C800100020B1
:104718000040009800180000004000A000A00040E1
:1047280000A8009000680000003000300020004021
:1047380000000000000000000010002000400040C1
:104748000040002000100000004000200010001071
:104758000010002000400000002000A8007000F8B1
:10476800007000A80020000000000020002000F8D1
:1047780000200020000000000000000000000000F1
:10478800003000300020000000000000000000F8A9
:104798000000000000000000000000000000000011
:1047A8000000003000300000000000080010002069
:1047B800004000800000000000700088009800A8F9
:1047C80000C8008800700000002000600020002061
:1047D80000200020007000000070008800080070B1
:1047E8000080008000F8000000F800080010003089
:1047F8000008008800700000001000300050009091
:1048080000F800100010000000F8008000F0000818
:10481800000800880070000000380040008000F0A8
:10482800008800880070000000F8000800080010E8
:1048380000200040008000000070008800880070A0
:1048480000880088007000000070008800880078E8
:104858000008001000E00000000000000020000038
:104868000020000000000000000000000020000000
:104878000020002000400000000800100020004038
:1048880000200010000800000000000000F80000F0
:1048980000F80000000000000040002000100008A0
:1048A8000010002000400000007000880008003060
:1048B80000200000002000000070008800A800B858
:1048C80000B00080007800000020005000880088B8
:1048D80000F800880088000000F00088008800F0D8
:1048E8000088008800F000000070008800800080C8
:1048F800008000880070000000F0008800880088B0
:104908000088008800F0000000F80080008000F0B7
:104918000080008000F8000000F80080008000F0AF
:1049280000800080008000000078008800800080FF
:10493800009800880078000000880088008800F847
:1049480000880088008800000070002000200020F7
:104958000020002000700000003800100010001037
:1049680000100090006000000088009000A000C0C7
:1049780000A0009000880000008000800080008077
:104988000080008000F80000008800D800A800A877
:1049980000A80088008800000088008800C800A8D7
:1049A800009800880088000000700088008800884F
:1049B800008800880070000000F00088008800F07F
:1049C8000080008000800000007000880088008857
:1049D80000A800900068000000F00088008800F03F
:1049E80000A000900088000000700088008000701F
:1049F800000800880070000000F800A800200020CF
:104A0800002000200020000000880088008800881E
:104A180000880088007000000088008800880088EE
:104A2800008800500020000000880088008800A846
:104A380000A800A80050000000880088005000204E
:104A4800005000880088000000880088005000207E
:104A5800002000200020000000F80008001000706E
:104A68000040008000F8000000780040004000404E
:104A78000040004000780000000000800040002056
:104A88000010000800000000007800080008000876
:104A9800000800080078000000200050008800008E
:104AA80000000000000000000000000000000000FE
:104AB8000000000000F80000006000600020001006
:104AC800000000000000000000000000006000106E
:104AD80000700090007800000080008000B000C8DE
:104AE800008800C800B000000000000000700088C6
:104AF8000080008800700000000800080068009826
:104B0800008800980068000000000000007000881D
:104B180000F80080007000000010002800200070DD
:104B28000020002000200000000000000070009815
:104B380000980068000800000080008000B000C8ED
:104B48000088008800880000002000000060002025
:104B5800002000200070000000100000001000106D
:104B6800001000900060000000800080009000A00D
:104B780000C000A00090000000600020002000207D
:104B880000200020007000000000000000D000A8F5
:104B980000A800A800A800000000000000B000C89D
:104BA800008800880088000000000000007000886D
:104BB80000880088007000000000000000B000C8F5
:104BC80000C800B0008000000000000000680098E5
:104BD80000980068000800000000000000B000C84D
:104BE8000080008000800000000000000078008045
:104BF8000070000800F000000020002000F80020ED
:104C08000020002800100000000000000088008834
:104C180000880098006800000000000000880088F4
:104C28000088005000200000000000000088008874
:104C380000A800A8005000000000000000880050F4
:104C48000020005000880000000000000088008854
:104C580000780008008800000000000000F800103C
:104C68000020004000F80000001000200020004054
:104C7800002000200010000000200020002000007C
:104C8800002000200020000000400020002000102C
:104C98000020002000400000004000A80010000094
:104CA800000000000000000006080000C0461108CF
:104CB80000000000070A0000F83111080000000099
:104CC8000B1200006439110800000000232D302B5E
:104CD8002000686C4C0065666745464700303132F5
:104CE800333435363738394142434445460030314C
:104CF80032333435363738396162636465660000AB
:084D0800BCB7FE7F01000000B2
:084D10005D0210080000000024
:084D1800390210080000000040
:104D200000093D0010000000010000000300010028
:104D3000200700FF02060000FE080000030001003B
:104D4000340700FF02060000FA080000030001001B
:104D5000480700FF020600000109000003000100EF
:104D60001F0700FF02120000F40100000300010011
:104D7000330700FF02120000F201000003000100EF
:104D8000470700FF02120000F601000003000100C7
:104D90005B0700FF021200000C000000030001008E
:104DA000010700FF020600007A0D00000300010069
:104DB000150700FF020600007F0400000300010049
:104DC000290700FF0206000078040000030001002C
:104DD0003D0700FF020600008304000003000100FD
:104DE000030700FF02060000FA00000003000100B4
:104DF000090700FF02060000830D00000300010008
:104E00000D0700FF02120000E5030000030001008F
:104E10000E0700FF021200008813000003000100CB
:104E2000010800FF0206000040E20100030001004B
:104E3000010801FF020600008038010003000100A4
:104E4000010802FF02060000C0A9000003000100E3
:104E5000020800FF0206000000000000030001003D
:104E6000050800FF02060000E11000000300010039
:104E7000060800FF02060000000000000300010019
:104E8000090800FF020600008CE20100010000009A
:104E9000601400FF02120000030000000100000087
:104EA000601401FF02120000000000000100000079
:104EB000601405FF02120000010000000100000064
:104EC000601418FF02120000000000000100000042
:104ED00060141AFF0212000001000000010000002F
:104EE00060141BFF02120000010000000700000018
:104EF000636200FF020900000000000007000000DC
:104F0000636201FF020900000000000007000100C9
:104F1000630100FF020900000000000078000000AB
:104F20000000000003000000583505201002042096
:104F30000000000058350520C03505202836052022
:104F40000000000000000000000000000000000061
:104F50000000000000000000000000000000000051
:104F60000000000000000000000000000000000041
:104F70000000000000000000000000000000000031
:0400000508108B6DE7
:00000001FF
